Date,Salinity,Station
7/1/2017 0:00,1.08,North
7/1/2017 0:15,1.08,North
7/1/2017 0:30,1.08,North
7/1/2017 0:45,1.08,North
7/1/2017 1:00,1.08,North
7/1/2017 1:15,1.08,North
7/1/2017 1:30,1.08,North
7/1/2017 1:45,1.08,North
7/1/2017 2:00,1.08,North
7/1/2017 2:15,1.09,North
7/1/2017 2:30,1.09,North
7/1/2017 2:45,1.09,North
7/1/2017 3:00,1.09,North
7/1/2017 3:15,1.09,North
7/1/2017 3:30,1.09,North
7/1/2017 3:45,1.09,North
7/1/2017 4:00,1.09,North
7/1/2017 4:15,1.09,North
7/1/2017 4:30,1.09,North
7/1/2017 4:45,1.09,North
7/1/2017 5:00,1.09,North
7/1/2017 5:15,1.09,North
7/1/2017 5:30,1.09,North
7/1/2017 5:45,1.09,North
7/1/2017 6:00,1.09,North
7/1/2017 6:15,1.09,North
7/1/2017 6:30,1.09,North
7/1/2017 6:45,1.09,North
7/1/2017 7:00,1.1,North
7/1/2017 7:15,1.09,North
7/1/2017 7:30,1.1,North
7/1/2017 7:45,1.1,North
7/1/2017 8:00,1.09,North
7/1/2017 8:15,1.1,North
7/1/2017 8:30,1.1,North
7/1/2017 8:45,1.1,North
7/1/2017 9:00,1.1,North
7/1/2017 9:15,1.1,North
7/1/2017 9:30,1.1,North
7/1/2017 9:45,1.1,North
7/1/2017 10:00,1.1,North
7/1/2017 10:15,1.1,North
7/1/2017 10:30,1.1,North
7/1/2017 10:45,1.1,North
7/1/2017 11:00,1.1,North
7/1/2017 11:15,1.1,North
7/1/2017 11:30,1.1,North
7/1/2017 11:45,1.1,North
7/1/2017 12:00,1.1,North
7/1/2017 12:15,1.1,North
7/1/2017 12:30,1.09,North
7/1/2017 12:45,1.09,North
7/1/2017 13:00,1.09,North
7/1/2017 13:15,1.08,North
7/1/2017 13:30,1.08,North
7/1/2017 13:45,1.08,North
7/1/2017 14:00,1.09,North
7/1/2017 14:15,1.09,North
7/1/2017 14:30,1.09,North
7/1/2017 14:45,1.09,North
7/1/2017 15:00,1.09,North
7/1/2017 15:15,1.09,North
7/1/2017 15:30,1.09,North
7/1/2017 15:45,1.09,North
7/1/2017 16:00,1.09,North
7/1/2017 16:15,1.09,North
7/1/2017 16:30,1.09,North
7/1/2017 16:45,1.09,North
7/1/2017 17:00,1.09,North
7/1/2017 17:15,1.09,North
7/1/2017 17:30,1.09,North
7/1/2017 17:45,1.09,North
7/1/2017 18:00,1.08,North
7/1/2017 18:15,1.08,North
7/1/2017 18:30,1.08,North
7/1/2017 18:45,1.08,North
7/1/2017 19:00,1.08,North
7/1/2017 19:15,1.08,North
7/1/2017 19:30,1.08,North
7/1/2017 19:45,1.08,North
7/1/2017 20:00,1.09,North
7/1/2017 20:15,1.09,North
7/1/2017 20:30,1.08,North
7/1/2017 20:45,1.08,North
7/1/2017 21:00,1.08,North
7/1/2017 21:15,1.08,North
7/1/2017 21:30,1.08,North
7/1/2017 21:45,1.08,North
7/1/2017 22:00,1.08,North
7/1/2017 22:15,1.07,North
7/1/2017 22:30,1.07,North
7/1/2017 22:45,1.07,North
7/1/2017 23:00,1.07,North
7/1/2017 23:15,1.07,North
7/1/2017 23:30,1.07,North
7/1/2017 23:45,1.07,North
7/2/2017 0:00,1.07,North
7/2/2017 0:15,1.07,North
7/2/2017 0:30,1.06,North
7/2/2017 0:45,1.06,North
7/2/2017 1:00,1.06,North
7/2/2017 1:15,1.06,North
7/2/2017 1:30,1.06,North
7/2/2017 1:45,1.06,North
7/2/2017 2:00,1.06,North
7/2/2017 2:15,1.06,North
7/2/2017 2:30,1.06,North
7/2/2017 2:45,1.06,North
7/2/2017 3:00,1.06,North
7/2/2017 3:15,1.06,North
7/2/2017 3:30,1.06,North
7/2/2017 3:45,1.06,North
7/2/2017 4:00,1.06,North
7/2/2017 4:15,1.06,North
7/2/2017 4:30,1.06,North
7/2/2017 4:45,1.06,North
7/2/2017 5:00,1.06,North
7/2/2017 5:15,1.06,North
7/2/2017 5:30,1.06,North
7/2/2017 5:45,1.07,North
7/2/2017 6:00,1.07,North
7/2/2017 6:15,1.07,North
7/2/2017 6:30,1.07,North
7/2/2017 6:45,1.07,North
7/2/2017 7:00,1.07,North
7/2/2017 7:15,1.07,North
7/2/2017 7:30,1.07,North
7/2/2017 7:45,1.07,North
7/2/2017 8:00,1.07,North
7/2/2017 8:15,1.07,North
7/2/2017 8:30,1.07,North
7/2/2017 8:45,1.07,North
7/2/2017 9:00,1.07,North
7/2/2017 9:15,1.07,North
7/2/2017 9:30,1.07,North
7/2/2017 9:45,1.07,North
7/2/2017 10:00,1.07,North
7/2/2017 10:15,1.07,North
7/2/2017 10:30,1.07,North
7/2/2017 10:45,1.07,North
7/2/2017 11:00,1.07,North
7/2/2017 11:15,1.07,North
7/2/2017 11:30,1.07,North
7/2/2017 11:45,1.07,North
7/2/2017 12:00,1.07,North
7/2/2017 12:15,1.07,North
7/2/2017 12:30,1.07,North
7/2/2017 12:45,1.08,North
7/2/2017 13:00,1.08,North
7/2/2017 13:15,1.08,North
7/2/2017 13:30,1.08,North
7/2/2017 13:45,1.08,North
7/2/2017 14:00,1.08,North
7/2/2017 14:15,1.08,North
7/2/2017 14:30,1.08,North
7/2/2017 14:45,1.08,North
7/2/2017 15:00,1.08,North
7/2/2017 15:15,1.09,North
7/2/2017 15:30,1.08,North
7/2/2017 15:45,1.08,North
7/2/2017 16:00,1.11,North
7/2/2017 16:15,1.11,North
7/2/2017 16:30,1.1,North
7/2/2017 16:45,1.1,North
7/2/2017 17:00,1.1,North
7/2/2017 17:15,1.1,North
7/2/2017 17:30,1.1,North
7/2/2017 17:45,1.09,North
7/2/2017 18:00,1.08,North
7/2/2017 18:15,1.09,North
7/2/2017 18:30,1.08,North
7/2/2017 18:45,1.08,North
7/2/2017 19:00,1.08,North
7/2/2017 19:15,1.08,North
7/2/2017 19:30,1.08,North
7/2/2017 19:45,1.09,North
7/2/2017 20:00,1.09,North
7/2/2017 20:15,1.09,North
7/2/2017 20:30,1.09,North
7/2/2017 20:45,1.09,North
7/2/2017 21:00,1.09,North
7/2/2017 21:15,1.09,North
7/2/2017 21:30,1.09,North
7/2/2017 21:45,1.09,North
7/2/2017 22:00,1.09,North
7/2/2017 22:15,1.09,North
7/2/2017 22:30,1.1,North
7/2/2017 22:45,1.1,North
7/2/2017 23:00,1.1,North
7/2/2017 23:15,1.1,North
7/2/2017 23:30,1.1,North
7/2/2017 23:45,1.11,North
7/3/2017 0:00,1.11,North
7/3/2017 0:15,1.11,North
7/3/2017 0:30,1.1,North
7/3/2017 0:45,1.1,North
7/3/2017 1:00,1.1,North
7/3/2017 1:15,1.1,North
7/3/2017 1:30,1.1,North
7/3/2017 1:45,1.1,North
7/3/2017 2:00,1.1,North
7/3/2017 2:15,1.1,North
7/3/2017 2:30,1.11,North
7/3/2017 2:45,1.11,North
7/3/2017 3:00,1.11,North
7/3/2017 3:15,1.11,North
7/3/2017 3:30,1.11,North
7/3/2017 3:45,1.11,North
7/3/2017 4:00,1.11,North
7/3/2017 4:15,1.11,North
7/3/2017 4:30,1.11,North
7/3/2017 4:45,1.1,North
7/3/2017 5:00,1.11,North
7/3/2017 5:15,1.11,North
7/3/2017 5:30,1.1,North
7/3/2017 5:45,1.1,North
7/3/2017 6:00,1.11,North
7/3/2017 6:15,1.11,North
7/3/2017 6:30,1.1,North
7/3/2017 6:45,1.11,North
7/3/2017 7:00,1.11,North
7/3/2017 7:15,1.11,North
7/3/2017 7:30,1.11,North
7/3/2017 7:45,1.11,North
7/3/2017 8:00,1.1,North
7/3/2017 8:15,1.11,North
7/3/2017 8:30,1.11,North
7/3/2017 8:45,1.11,North
7/3/2017 9:00,1.11,North
7/3/2017 9:15,1.11,North
7/3/2017 9:30,1.11,North
7/3/2017 9:45,1.1,North
7/3/2017 10:00,1.12,North
7/3/2017 10:15,1.11,North
7/3/2017 10:30,1.11,North
7/3/2017 10:45,1.11,North
7/3/2017 11:00,1.11,North
7/3/2017 11:15,1.11,North
7/3/2017 11:30,1.11,North
7/3/2017 11:45,1.11,North
7/3/2017 12:00,1.11,North
7/3/2017 12:15,1.11,North
7/3/2017 12:30,1.1,North
7/3/2017 12:45,1.1,North
7/3/2017 13:00,1.1,North
7/3/2017 13:15,1.1,North
7/3/2017 13:30,1.1,North
7/3/2017 13:45,1.09,North
7/3/2017 14:00,1.1,North
7/3/2017 14:15,1.1,North
7/3/2017 14:30,1.12,North
7/3/2017 14:45,1.13,North
7/3/2017 15:00,1.14,North
7/3/2017 15:15,1.14,North
7/3/2017 15:30,1.14,North
7/3/2017 15:45,1.14,North
7/3/2017 16:00,1.13,North
7/3/2017 16:15,1.14,North
7/3/2017 16:30,1.14,North
7/3/2017 16:45,1.13,North
7/3/2017 17:00,1.13,North
7/3/2017 17:15,1.13,North
7/3/2017 17:30,1.13,North
7/3/2017 17:45,1.13,North
7/3/2017 18:00,1.13,North
7/3/2017 18:15,1.13,North
7/3/2017 18:30,1.13,North
7/3/2017 18:45,1.13,North
7/3/2017 19:00,1.13,North
7/3/2017 19:15,1.13,North
7/3/2017 19:30,1.13,North
7/3/2017 19:45,1.14,North
7/3/2017 20:00,1.13,North
7/3/2017 20:15,1.12,North
7/3/2017 20:30,1.13,North
7/3/2017 20:45,1.11,North
7/3/2017 21:00,1.12,North
7/3/2017 21:15,1.12,North
7/3/2017 21:30,1.12,North
7/3/2017 21:45,1.11,North
7/3/2017 22:00,1.11,North
7/3/2017 22:15,1.11,North
7/3/2017 22:30,1.11,North
7/3/2017 22:45,1.11,North
7/3/2017 23:00,1.1,North
7/3/2017 23:15,1.1,North
7/3/2017 23:30,1.1,North
7/3/2017 23:45,1.1,North
7/4/2017 0:00,1.09,North
7/4/2017 0:15,1.09,North
7/4/2017 0:30,1.09,North
7/4/2017 0:45,1.09,North
7/4/2017 1:00,1.09,North
7/4/2017 1:15,1.08,North
7/4/2017 1:30,1.08,North
7/4/2017 1:45,1.08,North
7/4/2017 2:00,1.08,North
7/4/2017 2:15,1.08,North
7/4/2017 2:30,1.08,North
7/4/2017 2:45,1.08,North
7/4/2017 3:00,1.08,North
7/4/2017 3:15,1.08,North
7/4/2017 3:30,1.08,North
7/4/2017 3:45,1.08,North
7/4/2017 4:00,1.08,North
7/4/2017 4:15,1.08,North
7/4/2017 4:30,1.08,North
7/4/2017 4:45,1.08,North
7/4/2017 5:00,1.08,North
7/4/2017 5:15,1.08,North
7/4/2017 5:30,1.08,North
7/4/2017 5:45,1.08,North
7/4/2017 6:00,1.07,North
7/4/2017 6:15,1.08,North
7/4/2017 6:30,1.08,North
7/4/2017 6:45,1.08,North
7/4/2017 7:00,1.08,North
7/4/2017 7:15,1.07,North
7/4/2017 7:30,1.08,North
7/4/2017 7:45,1.08,North
7/4/2017 8:00,1.08,North
7/4/2017 8:15,1.08,North
7/4/2017 8:30,1.08,North
7/4/2017 8:45,1.08,North
7/4/2017 9:00,1.08,North
7/4/2017 9:15,1.08,North
7/4/2017 9:30,1.08,North
7/4/2017 9:45,1.08,North
7/4/2017 10:00,1.08,North
7/4/2017 10:15,1.08,North
7/4/2017 10:30,1.08,North
7/4/2017 10:45,1.08,North
7/4/2017 11:00,1.08,North
7/4/2017 11:15,1.08,North
7/4/2017 11:30,1.08,North
7/4/2017 11:45,1.08,North
7/4/2017 12:00,1.08,North
7/4/2017 12:15,1.08,North
7/4/2017 12:30,1.08,North
7/4/2017 12:45,1.08,North
7/4/2017 13:00,1.08,North
7/4/2017 13:15,1.08,North
7/4/2017 13:30,1.08,North
7/4/2017 13:45,1.08,North
7/4/2017 14:00,1.08,North
7/4/2017 14:15,1.08,North
7/4/2017 14:30,1.08,North
7/4/2017 14:45,1.08,North
7/4/2017 15:00,1.08,North
7/4/2017 15:15,1.09,North
7/4/2017 15:30,1.09,North
7/4/2017 15:45,1.09,North
7/4/2017 16:00,1.09,North
7/4/2017 16:15,1.09,North
7/4/2017 16:30,1.09,North
7/4/2017 16:45,1.09,North
7/4/2017 17:00,1.1,North
7/4/2017 17:15,1.1,North
7/4/2017 17:30,1.1,North
7/4/2017 17:45,1.1,North
7/4/2017 18:00,1.1,North
7/4/2017 18:15,1.09,North
7/4/2017 18:30,1.09,North
7/4/2017 18:45,1.09,North
7/4/2017 19:00,1.1,North
7/4/2017 19:15,1.09,North
7/4/2017 19:30,1.09,North
7/4/2017 19:45,1.1,North
7/4/2017 20:00,1.1,North
7/4/2017 20:15,1.1,North
7/4/2017 20:30,1.1,North
7/4/2017 20:45,1.11,North
7/4/2017 21:00,1.11,North
7/4/2017 21:15,1.11,North
7/4/2017 21:30,1.11,North
7/4/2017 21:45,1.11,North
7/4/2017 22:00,1.11,North
7/4/2017 22:15,1.11,North
7/4/2017 22:30,1.11,North
7/4/2017 22:45,1.11,North
7/4/2017 23:00,1.11,North
7/4/2017 23:15,1.11,North
7/4/2017 23:30,1.11,North
7/4/2017 23:45,1.12,North
7/5/2017 0:00,1.11,North
7/5/2017 0:15,1.11,North
7/5/2017 0:30,1.11,North
7/5/2017 0:45,1.11,North
7/5/2017 1:00,1.12,North
7/5/2017 1:15,1.11,North
7/5/2017 1:30,1.11,North
7/5/2017 1:45,1.11,North
7/5/2017 2:00,1.11,North
7/5/2017 2:15,1.11,North
7/5/2017 2:30,1.11,North
7/5/2017 2:45,1.12,North
7/5/2017 3:00,1.14,North
7/5/2017 3:15,1.15,North
7/5/2017 3:30,1.15,North
7/5/2017 3:45,1.15,North
7/5/2017 4:00,1.15,North
7/5/2017 4:15,1.15,North
7/5/2017 4:30,1.15,North
7/5/2017 4:45,1.15,North
7/5/2017 5:00,1.15,North
7/5/2017 5:15,1.15,North
7/5/2017 5:30,1.15,North
7/5/2017 5:45,1.15,North
7/5/2017 6:00,1.15,North
7/5/2017 6:15,1.15,North
7/5/2017 6:30,1.15,North
7/5/2017 6:45,1.15,North
7/5/2017 7:00,1.15,North
7/5/2017 7:15,1.15,North
7/5/2017 7:30,1.15,North
7/5/2017 7:45,1.15,North
7/5/2017 8:00,1.14,North
7/5/2017 8:15,1.15,North
7/5/2017 8:30,1.14,North
7/5/2017 8:45,1.14,North
7/5/2017 9:00,1.14,North
7/5/2017 9:15,1.14,North
7/5/2017 9:30,1.14,North
7/5/2017 9:45,1.14,North
7/5/2017 10:00,1.14,North
7/5/2017 10:15,1.14,North
7/5/2017 10:30,1.14,North
7/5/2017 10:45,1.14,North
7/5/2017 11:00,1.15,North
7/5/2017 11:15,1.15,North
7/5/2017 11:30,1.15,North
7/5/2017 11:45,1.15,North
7/5/2017 12:00,1.15,North
7/5/2017 12:15,1.15,North
7/5/2017 12:30,1.15,North
7/5/2017 12:45,1.15,North
7/5/2017 13:00,1.15,North
7/5/2017 13:15,1.15,North
7/5/2017 13:30,1.15,North
7/5/2017 13:45,1.16,North
7/5/2017 14:00,1.16,North
7/5/2017 14:15,1.15,North
7/5/2017 14:30,1.15,North
7/5/2017 14:45,1.15,North
7/5/2017 15:00,1.16,North
7/5/2017 15:15,1.15,North
7/5/2017 15:30,1.15,North
7/5/2017 15:45,1.15,North
7/5/2017 16:00,1.15,North
7/5/2017 16:15,1.15,North
7/5/2017 16:30,1.15,North
7/5/2017 16:45,1.16,North
7/5/2017 17:00,1.15,North
7/5/2017 17:15,1.15,North
7/5/2017 17:30,1.15,North
7/5/2017 17:45,1.15,North
7/5/2017 18:00,1.15,North
7/5/2017 18:15,1.16,North
7/5/2017 18:30,1.16,North
7/5/2017 18:45,1.15,North
7/5/2017 19:00,1.16,North
7/5/2017 19:15,1.16,North
7/5/2017 19:30,1.16,North
7/5/2017 19:45,1.16,North
7/5/2017 20:00,1.16,North
7/5/2017 20:15,1.16,North
7/5/2017 20:30,1.16,North
7/5/2017 20:45,1.17,North
7/5/2017 21:00,1.17,North
7/5/2017 21:15,1.16,North
7/5/2017 21:30,1.17,North
7/5/2017 21:45,1.16,North
7/5/2017 22:00,1.16,North
7/5/2017 22:15,1.16,North
7/5/2017 22:30,1.16,North
7/5/2017 22:45,1.17,North
7/5/2017 23:00,1.18,North
7/5/2017 23:15,1.18,North
7/5/2017 23:30,1.18,North
7/5/2017 23:45,1.19,North
7/6/2017 0:00,1.19,North
7/6/2017 0:15,1.19,North
7/6/2017 0:30,1.19,North
7/6/2017 0:45,1.19,North
7/6/2017 1:00,1.19,North
7/6/2017 1:15,1.19,North
7/6/2017 1:30,1.19,North
7/6/2017 1:45,1.19,North
7/6/2017 2:00,1.19,North
7/6/2017 2:15,1.18,North
7/6/2017 2:30,1.16,North
7/6/2017 2:45,1.16,North
7/6/2017 3:00,1.15,North
7/6/2017 3:15,1.15,North
7/6/2017 3:30,1.15,North
7/6/2017 3:45,1.13,North
7/6/2017 4:00,1.13,North
7/6/2017 4:15,1.13,North
7/6/2017 4:30,1.13,North
7/6/2017 4:45,1.13,North
7/6/2017 5:00,1.13,North
7/6/2017 5:15,1.12,North
7/6/2017 5:30,1.11,North
7/6/2017 5:45,1.11,North
7/6/2017 6:00,1.12,North
7/6/2017 6:15,1.14,North
7/6/2017 6:30,1.16,North
7/6/2017 6:45,1.18,North
7/6/2017 7:00,1.19,North
7/6/2017 7:15,1.19,North
7/6/2017 7:30,1.19,North
7/6/2017 7:45,1.14,North
7/6/2017 8:00,1.11,North
7/6/2017 8:15,1.09,North
7/6/2017 8:30,1.08,North
7/6/2017 8:45,1.07,North
7/6/2017 9:00,1.04,North
7/6/2017 9:15,1.01,North
7/6/2017 9:30,0.99,North
7/6/2017 9:45,0.97,North
7/6/2017 10:00,0.95,North
7/6/2017 10:15,0.91,North
7/6/2017 10:30,0.9,North
7/6/2017 10:45,0.92,North
7/6/2017 11:00,0.92,North
7/6/2017 11:15,0.94,North
7/6/2017 11:30,0.92,North
7/6/2017 11:45,0.89,North
7/6/2017 12:00,0.88,North
7/6/2017 12:15,0.87,North
7/6/2017 12:30,0.87,North
7/6/2017 12:45,0.87,North
7/6/2017 13:00,0.88,North
7/6/2017 13:15,0.89,North
7/6/2017 13:30,0.89,North
7/6/2017 13:45,0.91,North
7/6/2017 14:00,0.92,North
7/6/2017 14:15,0.92,North
7/6/2017 14:30,0.92,North
7/6/2017 14:45,0.91,North
7/6/2017 15:00,0.91,North
7/6/2017 15:15,0.91,North
7/6/2017 15:30,0.91,North
7/6/2017 15:45,0.9,North
7/6/2017 16:00,0.88,North
7/6/2017 16:15,0.87,North
7/6/2017 16:30,0.84,North
7/6/2017 16:45,0.81,North
7/6/2017 17:00,0.81,North
7/6/2017 17:15,0.83,North
7/6/2017 17:30,0.86,North
7/6/2017 17:45,0.89,North
7/6/2017 18:00,0.89,North
7/6/2017 18:15,0.9,North
7/6/2017 18:30,0.89,North
7/6/2017 18:45,0.88,North
7/6/2017 19:00,0.83,North
7/6/2017 19:15,0.81,North
7/6/2017 19:30,0.79,North
7/6/2017 19:45,0.76,North
7/6/2017 20:00,0.74,North
7/6/2017 20:15,0.72,North
7/6/2017 20:30,0.7,North
7/6/2017 20:45,0.67,North
7/6/2017 21:00,0.63,North
7/6/2017 21:15,0.59,North
7/6/2017 21:30,0.55,North
7/6/2017 21:45,0.54,North
7/6/2017 22:00,0.53,North
7/6/2017 22:15,0.54,North
7/6/2017 22:30,0.55,North
7/6/2017 22:45,0.56,North
7/6/2017 23:00,0.55,North
7/6/2017 23:15,0.55,North
7/6/2017 23:30,0.58,North
7/6/2017 23:45,0.58,North
7/7/2017 0:00,0.59,North
7/7/2017 0:15,0.59,North
7/7/2017 0:30,0.6,North
7/7/2017 0:45,0.61,North
7/7/2017 1:00,0.63,North
7/7/2017 1:15,0.64,North
7/7/2017 1:30,0.67,North
7/7/2017 1:45,0.69,North
7/7/2017 2:00,0.69,North
7/7/2017 2:15,0.7,North
7/7/2017 2:30,0.71,North
7/7/2017 2:45,0.73,North
7/7/2017 3:00,0.74,North
7/7/2017 3:15,0.74,North
7/7/2017 3:30,0.74,North
7/7/2017 3:45,0.75,North
7/7/2017 4:00,0.75,North
7/7/2017 4:15,0.75,North
7/7/2017 4:30,0.75,North
7/7/2017 4:45,0.76,North
7/7/2017 5:00,0.76,North
7/7/2017 5:15,0.76,North
7/7/2017 5:30,0.75,North
7/7/2017 5:45,0.74,North
7/7/2017 6:00,0.74,North
7/7/2017 6:15,0.74,North
7/7/2017 6:30,0.74,North
7/7/2017 6:45,0.74,North
7/7/2017 7:00,0.74,North
7/7/2017 7:15,0.74,North
7/7/2017 7:30,0.74,North
7/7/2017 7:45,0.75,North
7/7/2017 8:00,0.75,North
7/7/2017 8:15,0.77,North
7/7/2017 8:30,0.77,North
7/7/2017 8:45,0.78,North
7/7/2017 9:00,0.78,North
7/7/2017 9:15,0.76,North
7/7/2017 9:30,0.72,North
7/7/2017 9:45,0.69,North
7/7/2017 10:00,0.64,North
7/7/2017 10:15,0.6,North
7/7/2017 10:30,0.57,North
7/7/2017 10:45,0.56,North
7/7/2017 11:00,0.56,North
7/7/2017 11:15,0.56,North
7/7/2017 11:30,0.56,North
7/7/2017 11:45,0.56,North
7/7/2017 12:00,0.58,North
7/7/2017 12:15,0.59,North
7/7/2017 12:30,0.59,North
7/7/2017 12:45,0.6,North
7/7/2017 13:00,0.6,North
7/7/2017 13:15,0.61,North
7/7/2017 13:30,0.61,North
7/7/2017 13:45,0.61,North
7/7/2017 14:00,0.61,North
7/7/2017 14:15,0.62,North
7/7/2017 14:30,0.62,North
7/7/2017 14:45,0.63,North
7/7/2017 15:00,0.63,North
7/7/2017 15:15,0.63,North
7/7/2017 15:30,0.63,North
7/7/2017 15:45,0.62,North
7/7/2017 16:00,0.62,North
7/7/2017 16:15,0.62,North
7/7/2017 16:30,0.63,North
7/7/2017 16:45,0.63,North
7/7/2017 17:00,0.64,North
7/7/2017 17:15,0.65,North
7/7/2017 17:30,0.64,North
7/7/2017 17:45,0.64,North
7/7/2017 18:00,0.64,North
7/7/2017 18:15,0.64,North
7/7/2017 18:30,0.64,North
7/7/2017 18:45,0.63,North
7/7/2017 19:00,0.63,North
7/7/2017 19:15,0.63,North
7/7/2017 19:30,0.62,North
7/7/2017 19:45,0.62,North
7/7/2017 20:00,0.61,North
7/7/2017 20:15,0.61,North
7/7/2017 20:30,0.61,North
7/7/2017 20:45,0.61,North
7/7/2017 21:00,0.61,North
7/7/2017 21:15,0.61,North
7/7/2017 21:30,0.61,North
7/7/2017 21:45,0.61,North
7/7/2017 22:00,0.61,North
7/7/2017 22:15,0.61,North
7/7/2017 22:30,0.61,North
7/7/2017 22:45,0.62,North
7/7/2017 23:00,0.62,North
7/7/2017 23:15,0.63,North
7/7/2017 23:30,0.63,North
7/7/2017 23:45,0.63,North
7/8/2017 0:00,0.63,North
7/8/2017 0:15,0.64,North
7/8/2017 0:30,0.64,North
7/8/2017 0:45,0.65,North
7/8/2017 1:00,0.65,North
7/8/2017 1:15,0.66,North
7/8/2017 1:30,0.67,North
7/8/2017 1:45,0.67,North
7/8/2017 2:00,0.68,North
7/8/2017 2:15,0.69,North
7/8/2017 2:30,0.7,North
7/8/2017 2:45,0.7,North
7/8/2017 3:00,0.71,North
7/8/2017 3:15,0.71,North
7/8/2017 3:30,0.72,North
7/8/2017 3:45,0.72,North
7/8/2017 4:00,0.73,North
7/8/2017 4:15,0.73,North
7/8/2017 4:30,0.74,North
7/8/2017 4:45,0.75,North
7/8/2017 5:00,0.76,North
7/8/2017 5:15,0.76,North
7/8/2017 5:30,0.77,North
7/8/2017 5:45,0.77,North
7/8/2017 6:00,0.77,North
7/8/2017 6:15,0.78,North
7/8/2017 6:30,0.79,North
7/8/2017 6:45,0.8,North
7/8/2017 7:00,0.8,North
7/8/2017 7:15,0.8,North
7/8/2017 7:30,0.8,North
7/8/2017 7:45,0.81,North
7/8/2017 8:00,0.81,North
7/8/2017 8:15,0.83,North
7/8/2017 8:30,0.83,North
7/8/2017 8:45,0.82,North
7/8/2017 9:00,0.81,North
7/8/2017 9:15,0.81,North
7/8/2017 9:30,0.81,North
7/8/2017 9:45,0.8,North
7/8/2017 10:00,0.79,North
7/8/2017 10:15,0.79,North
7/8/2017 10:30,0.79,North
7/8/2017 10:45,0.79,North
7/8/2017 11:00,0.78,North
7/8/2017 11:15,0.78,North
7/8/2017 11:30,0.77,North
7/8/2017 11:45,0.77,North
7/8/2017 12:00,0.77,North
7/8/2017 12:15,0.76,North
7/8/2017 12:30,0.77,North
7/8/2017 12:45,0.76,North
7/8/2017 13:00,0.76,North
7/8/2017 13:15,0.75,North
7/8/2017 13:30,0.73,North
7/8/2017 13:45,0.71,North
7/8/2017 14:00,0.7,North
7/8/2017 14:15,0.69,North
7/8/2017 14:30,0.69,North
7/8/2017 14:45,0.68,North
7/8/2017 15:00,0.68,North
7/8/2017 15:15,0.68,North
7/8/2017 15:30,0.68,North
7/8/2017 15:45,0.68,North
7/8/2017 16:00,0.68,North
7/8/2017 16:15,0.68,North
7/8/2017 16:30,0.68,North
7/8/2017 16:45,0.68,North
7/8/2017 17:00,0.67,North
7/8/2017 17:15,0.67,North
7/8/2017 17:30,0.67,North
7/8/2017 17:45,0.66,North
7/8/2017 18:00,0.66,North
7/8/2017 18:15,0.66,North
7/8/2017 18:30,0.66,North
7/8/2017 18:45,0.66,North
7/8/2017 19:00,0.67,North
7/8/2017 19:15,0.68,North
7/8/2017 19:30,0.68,North
7/8/2017 19:45,0.68,North
7/8/2017 20:00,0.68,North
7/8/2017 20:15,0.69,North
7/8/2017 20:30,0.69,North
7/8/2017 20:45,0.69,North
7/8/2017 21:00,0.68,North
7/8/2017 21:15,0.67,North
7/8/2017 21:30,0.7,North
7/8/2017 21:45,0.7,North
7/8/2017 22:00,0.69,North
7/8/2017 22:15,0.68,North
7/8/2017 22:30,0.68,North
7/8/2017 22:45,0.68,North
7/8/2017 23:00,0.67,North
7/8/2017 23:15,0.67,North
7/8/2017 23:30,0.68,North
7/8/2017 23:45,0.68,North
7/9/2017 0:00,0.7,North
7/9/2017 0:15,0.71,North
7/9/2017 0:30,0.72,North
7/9/2017 0:45,0.73,North
7/9/2017 1:00,0.76,North
7/9/2017 1:15,0.79,North
7/9/2017 1:30,0.81,North
7/9/2017 1:45,0.84,North
7/9/2017 2:00,0.87,North
7/9/2017 2:15,0.9,North
7/9/2017 2:30,0.92,North
7/9/2017 2:45,0.93,North
7/9/2017 3:00,0.93,North
7/9/2017 3:15,0.93,North
7/9/2017 3:30,0.94,North
7/9/2017 3:45,0.94,North
7/9/2017 4:00,0.94,North
7/9/2017 4:15,0.95,North
7/9/2017 4:30,0.95,North
7/9/2017 4:45,0.95,North
7/9/2017 5:00,0.95,North
7/9/2017 5:15,0.95,North
7/9/2017 5:30,0.95,North
7/9/2017 5:45,0.95,North
7/9/2017 6:00,0.95,North
7/9/2017 6:15,0.95,North
7/9/2017 6:30,0.95,North
7/9/2017 6:45,0.95,North
7/9/2017 7:00,0.95,North
7/9/2017 7:15,0.95,North
7/9/2017 7:30,0.95,North
7/9/2017 7:45,0.95,North
7/9/2017 8:00,0.95,North
7/9/2017 8:15,0.95,North
7/9/2017 8:30,0.95,North
7/9/2017 8:45,0.95,North
7/9/2017 9:00,0.95,North
7/9/2017 9:15,0.95,North
7/9/2017 9:30,0.95,North
7/9/2017 9:45,0.95,North
7/9/2017 10:00,0.95,North
7/9/2017 10:15,0.95,North
7/9/2017 10:30,0.95,North
7/9/2017 10:45,0.94,North
7/9/2017 11:00,0.94,North
7/9/2017 11:15,0.93,North
7/9/2017 11:30,0.93,North
7/9/2017 11:45,0.92,North
7/9/2017 12:00,0.92,North
7/9/2017 12:15,0.92,North
7/9/2017 12:30,0.92,North
7/9/2017 12:45,0.91,North
7/9/2017 13:00,0.91,North
7/9/2017 13:15,0.91,North
7/9/2017 13:30,0.91,North
7/9/2017 13:45,0.91,North
7/9/2017 14:00,0.91,North
7/9/2017 14:15,0.89,North
7/9/2017 14:30,0.9,North
7/9/2017 14:45,0.89,North
7/9/2017 15:00,0.88,North
7/9/2017 15:15,0.87,North
7/9/2017 15:30,0.87,North
7/9/2017 15:45,0.86,North
7/9/2017 16:00,0.86,North
7/9/2017 16:15,0.85,North
7/9/2017 16:30,0.85,North
7/9/2017 16:45,0.85,North
7/9/2017 17:00,0.85,North
7/9/2017 17:15,0.86,North
7/9/2017 17:30,0.86,North
7/9/2017 17:45,0.86,North
7/9/2017 18:00,0.87,North
7/9/2017 18:15,0.86,North
7/9/2017 18:30,0.86,North
7/9/2017 18:45,0.87,North
7/9/2017 19:00,0.87,North
7/9/2017 19:15,0.87,North
7/9/2017 19:30,0.87,North
7/9/2017 19:45,0.87,North
7/9/2017 20:00,0.87,North
7/9/2017 20:15,0.87,North
7/9/2017 20:30,0.87,North
7/9/2017 20:45,0.87,North
7/9/2017 21:00,0.87,North
7/9/2017 21:15,0.88,North
7/9/2017 21:30,0.88,North
7/9/2017 21:45,0.88,North
7/9/2017 22:00,0.88,North
7/9/2017 22:15,0.88,North
7/9/2017 22:30,0.88,North
7/9/2017 22:45,0.88,North
7/9/2017 23:00,0.88,North
7/9/2017 23:15,0.88,North
7/9/2017 23:30,0.88,North
7/9/2017 23:45,0.88,North
7/10/2017 0:00,0.88,North
7/10/2017 0:15,0.88,North
7/10/2017 0:30,0.88,North
7/10/2017 0:45,0.88,North
7/10/2017 1:00,0.88,North
7/10/2017 1:15,0.89,North
7/10/2017 1:30,0.89,North
7/10/2017 1:45,0.89,North
7/10/2017 2:00,0.9,North
7/10/2017 2:15,0.9,North
7/10/2017 2:30,0.9,North
7/10/2017 2:45,0.91,North
7/10/2017 3:00,0.91,North
7/10/2017 3:15,0.91,North
7/10/2017 3:30,0.91,North
7/10/2017 3:45,0.91,North
7/10/2017 4:00,0.91,North
7/10/2017 4:15,0.91,North
7/10/2017 4:30,0.91,North
7/10/2017 4:45,0.91,North
7/10/2017 5:00,0.91,North
7/10/2017 5:15,0.91,North
7/10/2017 5:30,0.91,North
7/10/2017 5:45,0.91,North
7/10/2017 6:00,0.92,North
7/10/2017 6:15,0.91,North
7/10/2017 6:30,0.92,North
7/10/2017 6:45,0.91,North
7/10/2017 7:00,0.91,North
7/10/2017 7:15,0.91,North
7/10/2017 7:30,0.91,North
7/10/2017 7:45,0.91,North
7/10/2017 8:00,0.91,North
7/10/2017 8:15,0.91,North
7/10/2017 8:30,0.91,North
7/10/2017 8:45,0.91,North
7/10/2017 9:00,0.91,North
7/10/2017 9:15,0.91,North
7/10/2017 9:30,0.91,North
7/10/2017 9:45,0.91,North
7/10/2017 10:00,0.91,North
7/10/2017 10:15,0.91,North
7/10/2017 10:30,0.91,North
7/10/2017 10:45,0.91,North
7/10/2017 11:00,0.91,North
7/10/2017 11:15,0.91,North
7/10/2017 11:30,0.91,North
7/10/2017 11:45,0.91,North
7/10/2017 12:00,0.91,North
7/10/2017 12:15,0.89,North
7/10/2017 12:30,0.9,North
7/10/2017 12:45,0.91,North
7/10/2017 13:00,0.91,North
7/10/2017 13:15,0.91,North
7/10/2017 13:30,0.91,North
7/10/2017 13:45,0.91,North
7/10/2017 14:00,0.91,North
7/10/2017 14:15,0.91,North
7/10/2017 14:30,0.91,North
7/10/2017 14:45,0.91,North
7/10/2017 15:00,0.91,North
7/10/2017 15:15,0.91,North
7/10/2017 15:30,0.9,North
7/10/2017 15:45,0.9,North
7/10/2017 16:00,0.9,North
7/10/2017 16:15,0.9,North
7/10/2017 16:30,0.9,North
7/10/2017 16:45,0.9,North
7/10/2017 17:00,0.89,North
7/10/2017 17:15,0.89,North
7/10/2017 17:30,0.89,North
7/10/2017 17:45,0.89,North
7/10/2017 18:00,0.89,North
7/10/2017 18:15,0.89,North
7/10/2017 18:30,0.89,North
7/10/2017 18:45,0.9,North
7/10/2017 19:00,0.9,North
7/10/2017 19:15,0.9,North
7/10/2017 19:30,0.9,North
7/10/2017 19:45,0.9,North
7/10/2017 20:00,0.9,North
7/10/2017 20:15,0.9,North
7/10/2017 20:30,0.9,North
7/10/2017 20:45,0.9,North
7/10/2017 21:00,0.9,North
7/10/2017 21:15,0.9,North
7/10/2017 21:30,0.9,North
7/10/2017 21:45,0.89,North
7/10/2017 22:00,0.89,North
7/10/2017 22:15,0.89,North
7/10/2017 22:30,0.89,North
7/10/2017 22:45,0.89,North
7/10/2017 23:00,0.88,North
7/10/2017 23:15,0.88,North
7/10/2017 23:30,0.88,North
7/10/2017 23:45,0.89,North
7/11/2017 0:00,0.89,North
7/11/2017 0:15,0.89,North
7/11/2017 0:30,0.88,North
7/11/2017 0:45,0.88,North
7/11/2017 1:00,0.88,North
7/11/2017 1:15,0.88,North
7/11/2017 1:30,0.88,North
7/11/2017 1:45,0.87,North
7/11/2017 2:00,0.88,North
7/11/2017 2:15,0.88,North
7/11/2017 2:30,0.87,North
7/11/2017 2:45,0.87,North
7/11/2017 3:00,0.87,North
7/11/2017 3:15,0.87,North
7/11/2017 3:30,0.87,North
7/11/2017 3:45,0.87,North
7/11/2017 4:00,0.87,North
7/11/2017 4:15,0.87,North
7/11/2017 4:30,0.87,North
7/11/2017 4:45,0.87,North
7/11/2017 5:00,0.88,North
7/11/2017 5:15,0.88,North
7/11/2017 5:30,0.88,North
7/11/2017 5:45,0.88,North
7/11/2017 6:00,0.88,North
7/11/2017 6:15,0.88,North
7/11/2017 6:30,0.88,North
7/11/2017 6:45,0.88,North
7/11/2017 7:00,0.88,North
7/11/2017 7:15,0.87,North
7/11/2017 7:30,0.87,North
7/11/2017 7:45,0.87,North
7/11/2017 8:00,0.88,North
7/11/2017 8:15,0.88,North
7/11/2017 8:30,0.89,North
7/11/2017 8:45,0.89,North
7/11/2017 9:00,0.89,North
7/11/2017 9:15,0.89,North
7/11/2017 9:30,0.89,North
7/11/2017 9:45,0.89,North
7/11/2017 10:00,0.89,North
7/11/2017 10:15,0.89,North
7/11/2017 10:30,0.89,North
7/11/2017 10:45,0.89,North
7/11/2017 11:00,0.89,North
7/11/2017 11:15,0.89,North
7/11/2017 11:30,0.89,North
7/11/2017 11:45,0.89,North
7/11/2017 12:00,0.88,North
7/11/2017 12:15,0.88,North
7/11/2017 12:30,0.89,North
7/11/2017 12:45,0.89,North
7/11/2017 13:00,0.89,North
7/11/2017 13:15,0.89,North
7/11/2017 13:30,0.89,North
7/11/2017 13:45,0.89,North
7/11/2017 14:00,0.89,North
7/11/2017 14:15,0.89,North
7/11/2017 14:30,0.89,North
7/11/2017 14:45,0.89,North
7/11/2017 15:00,0.89,North
7/11/2017 15:15,0.89,North
7/11/2017 15:30,0.89,North
7/11/2017 15:45,0.89,North
7/11/2017 16:00,0.89,North
7/11/2017 16:15,0.89,North
7/11/2017 16:30,0.89,North
7/11/2017 16:45,0.89,North
7/11/2017 17:00,0.89,North
7/11/2017 17:15,0.89,North
7/11/2017 17:30,0.89,North
7/11/2017 17:45,0.89,North
7/11/2017 18:00,0.89,North
7/11/2017 18:15,0.89,North
7/11/2017 18:30,0.89,North
7/11/2017 18:45,0.89,North
7/11/2017 19:00,0.89,North
7/11/2017 19:15,0.89,North
7/11/2017 19:30,0.89,North
7/11/2017 19:45,0.89,North
7/11/2017 20:00,0.89,North
7/11/2017 20:15,0.89,North
7/11/2017 20:30,0.89,North
7/11/2017 20:45,0.89,North
7/11/2017 21:00,0.89,North
7/11/2017 21:15,0.89,North
7/11/2017 21:30,0.89,North
7/11/2017 21:45,0.9,North
7/11/2017 22:00,0.89,North
7/11/2017 22:15,0.9,North
7/11/2017 22:30,0.9,North
7/11/2017 22:45,0.89,North
7/11/2017 23:00,0.89,North
7/11/2017 23:15,0.89,North
7/11/2017 23:30,0.89,North
7/11/2017 23:45,0.89,North
7/12/2017 0:00,0.89,North
7/12/2017 0:15,0.89,North
7/12/2017 0:30,0.89,North
7/12/2017 0:45,0.89,North
7/12/2017 1:00,0.89,North
7/12/2017 1:15,0.89,North
7/12/2017 1:30,0.89,North
7/12/2017 1:45,0.89,North
7/12/2017 2:00,0.89,North
7/12/2017 2:15,0.89,North
7/12/2017 2:30,0.89,North
7/12/2017 2:45,0.89,North
7/12/2017 3:00,0.89,North
7/12/2017 3:15,0.89,North
7/12/2017 3:30,0.89,North
7/12/2017 3:45,0.89,North
7/12/2017 4:00,0.89,North
7/12/2017 4:15,0.89,North
7/12/2017 4:30,0.9,North
7/12/2017 4:45,0.89,North
7/12/2017 5:00,0.89,North
7/12/2017 5:15,0.89,North
7/12/2017 5:30,0.89,North
7/12/2017 5:45,0.89,North
7/12/2017 6:00,0.89,North
7/12/2017 6:15,0.89,North
7/12/2017 6:30,0.89,North
7/12/2017 6:45,0.89,North
7/12/2017 7:00,0.89,North
7/12/2017 7:15,0.89,North
7/12/2017 7:30,0.89,North
7/12/2017 7:45,0.89,North
7/12/2017 8:00,0.89,North
7/12/2017 8:15,0.89,North
7/12/2017 8:30,0.89,North
7/12/2017 8:45,0.89,North
7/12/2017 9:00,0.89,North
7/12/2017 9:15,0.89,North
7/12/2017 9:30,0.89,North
7/12/2017 9:45,0.89,North
7/12/2017 10:00,0.89,North
7/12/2017 10:15,0.89,North
7/12/2017 10:30,0.89,North
7/12/2017 10:45,0.89,North
7/12/2017 11:00,0.89,North
7/12/2017 11:15,0.89,North
7/12/2017 11:30,0.89,North
7/12/2017 11:45,0.89,North
7/12/2017 12:00,0.89,North
7/12/2017 12:15,0.89,North
7/12/2017 12:30,0.89,North
7/12/2017 12:45,0.89,North
7/12/2017 13:00,0.89,North
7/12/2017 13:15,0.89,North
7/12/2017 13:30,0.89,North
7/12/2017 13:45,0.89,North
7/12/2017 14:00,0.89,North
7/12/2017 14:15,0.89,North
7/12/2017 14:30,0.89,North
7/12/2017 14:45,0.89,North
7/12/2017 15:00,0.89,North
7/12/2017 15:15,0.89,North
7/12/2017 15:30,0.89,North
7/12/2017 15:45,0.89,North
7/12/2017 16:00,0.89,North
7/12/2017 16:15,0.9,North
7/12/2017 16:30,0.89,North
7/12/2017 16:45,0.89,North
7/12/2017 17:00,0.89,North
7/12/2017 17:15,0.89,North
7/12/2017 17:30,0.9,North
7/12/2017 17:45,0.89,North
7/12/2017 18:00,0.89,North
7/12/2017 18:15,0.89,North
7/12/2017 18:30,0.89,North
7/12/2017 18:45,0.89,North
7/12/2017 19:00,0.89,North
7/12/2017 19:15,0.89,North
7/12/2017 19:30,0.89,North
7/12/2017 19:45,0.89,North
7/12/2017 20:00,0.89,North
7/12/2017 20:15,0.89,North
7/12/2017 20:30,0.89,North
7/12/2017 20:45,0.89,North
7/12/2017 21:00,0.89,North
7/12/2017 21:15,0.89,North
7/12/2017 21:30,0.89,North
7/12/2017 21:45,0.9,North
7/12/2017 22:00,0.9,North
7/12/2017 22:15,0.89,North
7/12/2017 22:30,0.9,North
7/12/2017 22:45,0.89,North
7/12/2017 23:00,0.89,North
7/12/2017 23:15,0.9,North
7/12/2017 23:30,0.89,North
7/12/2017 23:45,0.9,North
7/13/2017 0:00,0.9,North
7/13/2017 0:15,0.89,North
7/13/2017 0:30,0.89,North
7/13/2017 0:45,0.89,North
7/13/2017 1:00,0.89,North
7/13/2017 1:15,0.89,North
7/13/2017 1:30,0.89,North
7/13/2017 1:45,0.89,North
7/13/2017 2:00,0.89,North
7/13/2017 2:15,0.89,North
7/13/2017 2:30,0.89,North
7/13/2017 2:45,0.89,North
7/13/2017 3:00,0.89,North
7/13/2017 3:15,0.89,North
7/13/2017 3:30,0.89,North
7/13/2017 3:45,0.89,North
7/13/2017 4:00,0.89,North
7/13/2017 4:15,0.89,North
7/13/2017 4:30,0.89,North
7/13/2017 4:45,0.89,North
7/13/2017 5:00,0.89,North
7/13/2017 5:15,0.89,North
7/13/2017 5:30,0.89,North
7/13/2017 5:45,0.89,North
7/13/2017 6:00,0.89,North
7/13/2017 6:15,0.9,North
7/13/2017 6:30,0.89,North
7/13/2017 6:45,0.89,North
7/13/2017 7:00,0.89,North
7/13/2017 7:15,0.89,North
7/13/2017 7:30,0.89,North
7/13/2017 7:45,0.89,North
7/13/2017 8:00,0.89,North
7/13/2017 8:15,0.89,North
7/13/2017 8:30,0.89,North
7/13/2017 8:45,0.89,North
7/13/2017 9:00,0.89,North
7/13/2017 9:15,0.89,North
7/13/2017 9:30,0.89,North
7/13/2017 9:45,0.89,North
7/13/2017 10:00,0.89,North
7/13/2017 10:15,0.89,North
7/13/2017 10:30,0.89,North
7/13/2017 10:45,0.89,North
7/13/2017 11:00,0.89,North
7/13/2017 11:15,0.89,North
7/13/2017 11:30,0.89,North
7/13/2017 11:45,0.89,North
7/13/2017 12:00,0.89,North
7/13/2017 12:15,0.89,North
7/13/2017 12:30,0.89,North
7/13/2017 12:45,0.89,North
7/13/2017 13:00,0.89,North
7/13/2017 13:15,0.88,North
7/13/2017 13:30,0.89,North
7/13/2017 13:45,0.9,North
7/13/2017 14:00,0.9,North
7/13/2017 14:15,0.89,North
7/13/2017 14:30,0.9,North
7/13/2017 14:45,0.9,North
7/13/2017 15:00,0.9,North
7/13/2017 15:15,0.89,North
7/13/2017 15:30,0.89,North
7/13/2017 15:45,0.89,North
7/13/2017 16:00,0.89,North
7/13/2017 16:15,0.89,North
7/13/2017 16:30,0.89,North
7/13/2017 16:45,0.89,North
7/13/2017 17:00,0.89,North
7/13/2017 17:15,0.89,North
7/13/2017 17:30,0.89,North
7/13/2017 17:45,0.89,North
7/13/2017 18:00,0.89,North
7/13/2017 18:15,0.89,North
7/13/2017 18:30,0.9,North
7/13/2017 18:45,0.9,North
7/13/2017 19:00,0.9,North
7/13/2017 19:15,0.9,North
7/13/2017 19:30,0.9,North
7/13/2017 19:45,0.9,North
7/13/2017 20:00,0.91,North
7/13/2017 20:15,0.9,North
7/13/2017 20:30,0.91,North
7/13/2017 20:45,0.91,North
7/13/2017 21:00,0.9,North
7/13/2017 21:15,0.91,North
7/13/2017 21:30,0.92,North
7/13/2017 21:45,0.92,North
7/13/2017 22:00,0.93,North
7/13/2017 22:15,0.92,North
7/13/2017 22:30,0.9,North
7/13/2017 22:45,0.89,North
7/13/2017 23:00,0.88,North
7/13/2017 23:15,0.87,North
7/13/2017 23:30,0.85,North
7/13/2017 23:45,0.83,North
7/14/2017 0:00,0.83,North
7/14/2017 0:15,0.79,North
7/14/2017 0:30,0.77,North
7/14/2017 0:45,0.75,North
7/14/2017 1:00,0.75,North
7/14/2017 1:15,0.74,North
7/14/2017 1:30,0.74,North
7/14/2017 1:45,0.74,North
7/14/2017 2:00,0.74,North
7/14/2017 2:15,0.73,North
7/14/2017 2:30,0.73,North
7/14/2017 2:45,0.73,North
7/14/2017 3:00,0.73,North
7/14/2017 3:15,0.73,North
7/14/2017 3:30,0.73,North
7/14/2017 3:45,0.73,North
7/14/2017 4:00,0.73,North
7/14/2017 4:15,0.73,North
7/14/2017 4:30,0.73,North
7/14/2017 4:45,0.73,North
7/14/2017 5:00,0.73,North
7/14/2017 5:15,0.73,North
7/14/2017 5:30,0.73,North
7/14/2017 5:45,0.73,North
7/14/2017 6:00,0.73,North
7/14/2017 6:15,0.73,North
7/14/2017 6:30,0.73,North
7/14/2017 6:45,0.73,North
7/14/2017 7:00,0.73,North
7/14/2017 7:15,0.73,North
7/14/2017 7:30,0.73,North
7/14/2017 7:45,0.73,North
7/14/2017 8:00,0.73,North
7/14/2017 8:15,0.73,North
7/14/2017 8:30,0.73,North
7/14/2017 8:45,0.72,North
7/14/2017 9:00,0.71,North
7/14/2017 9:15,0.71,North
7/14/2017 9:30,0.71,North
7/14/2017 9:45,0.71,North
7/14/2017 10:00,0.7,North
7/14/2017 10:15,0.7,North
7/14/2017 10:30,0.7,North
7/14/2017 10:45,0.69,North
7/14/2017 11:00,0.68,North
7/14/2017 11:15,0.68,North
7/14/2017 11:30,0.66,North
7/14/2017 11:45,0.62,North
7/14/2017 12:00,0.58,North
7/14/2017 12:15,0.48,North
7/14/2017 12:30,0.49,North
7/14/2017 12:45,0.51,North
7/14/2017 13:00,0.56,North
7/14/2017 13:15,0.62,North
7/14/2017 13:30,0.68,North
7/14/2017 13:45,0.7,North
7/14/2017 14:00,0.7,North
7/14/2017 14:15,0.7,North
7/14/2017 14:30,0.7,North
7/14/2017 14:45,0.69,North
7/14/2017 15:00,0.68,North
7/14/2017 15:15,0.68,North
7/14/2017 15:30,0.68,North
7/14/2017 15:45,0.68,North
7/14/2017 16:00,0.68,North
7/14/2017 16:15,0.67,North
7/14/2017 16:30,0.67,North
7/14/2017 16:45,0.67,North
7/14/2017 17:00,0.67,North
7/14/2017 17:15,0.67,North
7/14/2017 17:30,0.67,North
7/14/2017 17:45,0.68,North
7/14/2017 18:00,0.66,North
7/14/2017 18:15,0.65,North
7/14/2017 18:30,0.65,North
7/14/2017 18:45,0.64,North
7/14/2017 19:00,0.63,North
7/14/2017 19:15,0.62,North
7/14/2017 19:30,0.61,North
7/14/2017 19:45,0.61,North
7/14/2017 20:00,0.6,North
7/14/2017 20:15,0.6,North
7/14/2017 20:30,0.6,North
7/14/2017 20:45,0.6,North
7/14/2017 21:00,0.6,North
7/14/2017 21:15,0.6,North
7/14/2017 21:30,0.6,North
7/14/2017 21:45,0.58,North
7/14/2017 22:00,0.57,North
7/14/2017 22:15,0.54,North
7/14/2017 22:30,0.5,North
7/14/2017 22:45,0.5,North
7/14/2017 23:00,0.5,North
7/14/2017 23:15,0.51,North
7/14/2017 23:30,0.52,North
7/14/2017 23:45,0.52,North
7/15/2017 0:00,0.52,North
7/15/2017 0:15,0.53,North
7/15/2017 0:30,0.53,North
7/15/2017 0:45,0.52,North
7/15/2017 1:00,0.52,North
7/15/2017 1:15,0.52,North
7/15/2017 1:30,0.53,North
7/15/2017 1:45,0.54,North
7/15/2017 2:00,0.55,North
7/15/2017 2:15,0.56,North
7/15/2017 2:30,0.56,North
7/15/2017 2:45,0.56,North
7/15/2017 3:00,0.56,North
7/15/2017 3:15,0.56,North
7/15/2017 3:30,0.56,North
7/15/2017 3:45,0.56,North
7/15/2017 4:00,0.56,North
7/15/2017 4:15,0.56,North
7/15/2017 4:30,0.56,North
7/15/2017 4:45,0.56,North
7/15/2017 5:00,0.56,North
7/15/2017 5:15,0.56,North
7/15/2017 5:30,0.55,North
7/15/2017 5:45,0.55,North
7/15/2017 6:00,0.55,North
7/15/2017 6:15,0.55,North
7/15/2017 6:30,0.55,North
7/15/2017 6:45,0.55,North
7/15/2017 7:00,0.54,North
7/15/2017 7:15,0.54,North
7/15/2017 7:30,0.54,North
7/15/2017 7:45,0.54,North
7/15/2017 8:00,0.53,North
7/15/2017 8:15,0.52,North
7/15/2017 8:30,0.52,North
7/15/2017 8:45,0.52,North
7/15/2017 9:00,0.52,North
7/15/2017 9:15,0.52,North
7/15/2017 9:30,0.51,North
7/15/2017 9:45,0.51,North
7/15/2017 10:00,0.5,North
7/15/2017 10:15,0.47,North
7/15/2017 10:30,0,North
7/15/2017 10:45,0.43,North
7/15/2017 11:00,0,North
7/16/2017 15:00,0.53,North
7/16/2017 15:15,0.54,North
7/16/2017 15:30,0.53,North
7/16/2017 15:45,0.53,North
7/16/2017 16:00,0.53,North
7/16/2017 16:15,0.54,North
7/16/2017 16:30,0.54,North
7/16/2017 16:45,0.54,North
7/16/2017 17:00,0.53,North
7/16/2017 17:15,0.53,North
7/16/2017 17:30,0.53,North
7/16/2017 17:45,0.53,North
7/16/2017 18:00,0.53,North
7/16/2017 18:15,0.53,North
7/16/2017 18:30,0.53,North
7/16/2017 18:45,0.53,North
7/16/2017 19:00,0.53,North
7/16/2017 19:15,0.53,North
7/16/2017 19:30,0.53,North
7/16/2017 19:45,0.53,North
7/16/2017 20:00,0.53,North
7/16/2017 20:15,0.54,North
7/16/2017 20:30,0.54,North
7/16/2017 20:45,0.54,North
7/16/2017 21:00,0.54,North
7/16/2017 21:15,0.54,North
7/16/2017 21:30,0.54,North
7/16/2017 21:45,0.54,North
7/16/2017 22:00,0.54,North
7/16/2017 22:15,0.54,North
7/16/2017 22:30,0.54,North
7/16/2017 22:45,0.54,North
7/16/2017 23:00,0.54,North
7/16/2017 23:15,0.54,North
7/16/2017 23:30,0.55,North
7/16/2017 23:45,0.55,North
7/17/2017 0:00,0.55,North
7/17/2017 0:15,0.55,North
7/17/2017 0:30,0.56,North
7/17/2017 0:45,0.56,North
7/17/2017 1:00,0.56,North
7/17/2017 1:15,0.57,North
7/17/2017 1:30,0.57,North
7/17/2017 1:45,0.57,North
7/17/2017 2:00,0.57,North
7/17/2017 2:15,0.58,North
7/17/2017 2:30,0.58,North
7/17/2017 2:45,0.58,North
7/17/2017 3:00,0.58,North
7/17/2017 3:15,0.58,North
7/17/2017 3:30,0.57,North
7/17/2017 3:45,0.57,North
7/17/2017 4:00,0.58,North
7/17/2017 4:15,0.58,North
7/17/2017 4:30,0.58,North
7/17/2017 4:45,0.58,North
7/17/2017 5:00,0.58,North
7/17/2017 5:15,0.58,North
7/17/2017 5:30,0.58,North
7/17/2017 5:45,0.58,North
7/17/2017 6:00,0.58,North
7/17/2017 6:15,0.58,North
7/17/2017 6:30,0.58,North
7/17/2017 6:45,0.58,North
7/17/2017 7:00,0.58,North
7/17/2017 7:15,0.58,North
7/17/2017 7:30,0.58,North
7/17/2017 7:45,0.59,North
7/17/2017 8:00,0.58,North
7/17/2017 8:15,0.58,North
7/17/2017 8:30,0.58,North
7/17/2017 8:45,0.58,North
7/17/2017 9:00,0.58,North
7/17/2017 9:15,0.58,North
7/17/2017 9:30,0.58,North
7/17/2017 9:45,0.59,North
7/17/2017 10:00,0.59,North
7/17/2017 10:15,0.57,North
7/17/2017 10:30,0.56,North
7/17/2017 10:45,0.56,North
7/17/2017 11:00,0.55,North
7/17/2017 11:15,0.55,North
7/17/2017 11:30,0.55,North
7/17/2017 11:45,0.55,North
7/17/2017 12:00,0.55,North
7/17/2017 12:15,0.55,North
7/17/2017 12:30,0.55,North
7/17/2017 12:45,0.55,North
7/17/2017 13:00,0.55,North
7/17/2017 13:15,0.55,North
7/17/2017 13:30,0.55,North
7/17/2017 13:45,0.56,North
7/17/2017 14:00,0.56,North
7/17/2017 14:15,0.55,North
7/17/2017 14:30,0.55,North
7/17/2017 14:45,0.55,North
7/17/2017 15:00,0.55,North
7/17/2017 15:15,0.55,North
7/17/2017 15:30,0.55,North
7/17/2017 15:45,0.54,North
7/17/2017 16:00,0.54,North
7/17/2017 16:15,0.54,North
7/17/2017 16:30,0.54,North
7/17/2017 16:45,0.54,North
7/17/2017 17:00,0.54,North
7/17/2017 17:15,0.53,North
7/17/2017 17:30,0.53,North
7/17/2017 17:45,0.53,North
7/17/2017 18:00,0.53,North
7/17/2017 18:15,0.53,North
7/17/2017 18:30,0.53,North
7/17/2017 18:45,0.53,North
7/17/2017 19:00,0.53,North
7/17/2017 19:15,0.53,North
7/17/2017 19:30,0.53,North
7/17/2017 19:45,0.54,North
7/17/2017 20:00,0.54,North
7/17/2017 20:15,0.54,North
7/17/2017 20:30,0.53,North
7/17/2017 20:45,0.53,North
7/17/2017 21:00,0.52,North
7/17/2017 21:15,0.51,North
7/17/2017 21:30,0.5,North
7/17/2017 21:45,0.5,North
7/17/2017 22:00,0.51,North
7/17/2017 22:15,0.51,North
7/17/2017 22:30,0.51,North
7/17/2017 22:45,0.51,North
7/17/2017 23:00,0.53,North
7/17/2017 23:15,0.53,North
7/17/2017 23:30,0.54,North
7/17/2017 23:45,0.55,North
7/18/2017 0:00,0.56,North
7/18/2017 0:15,0.56,North
7/18/2017 0:30,0.56,North
7/18/2017 0:45,0.56,North
7/18/2017 1:00,0.57,North
7/18/2017 1:15,0.57,North
7/18/2017 1:30,0.58,North
7/18/2017 1:45,0.58,North
7/18/2017 2:00,0.59,North
7/18/2017 2:15,0.59,North
7/18/2017 2:30,0.59,North
7/18/2017 2:45,0.59,North
7/18/2017 3:00,0.59,North
7/18/2017 3:15,0.59,North
7/18/2017 3:30,0.6,North
7/18/2017 3:45,0.6,North
7/18/2017 4:00,0.6,North
7/18/2017 4:15,0.61,North
7/18/2017 4:30,0.61,North
7/18/2017 4:45,0.62,North
7/18/2017 5:00,0.62,North
7/18/2017 5:15,0.62,North
7/18/2017 5:30,0.62,North
7/18/2017 5:45,0.63,North
7/18/2017 6:00,0.63,North
7/18/2017 6:15,0.61,North
7/18/2017 6:30,0.61,North
7/18/2017 6:45,0.61,North
7/18/2017 7:00,0.61,North
7/18/2017 7:15,0.6,North
7/18/2017 7:30,0.6,North
7/18/2017 7:45,0.61,North
7/18/2017 8:00,0.61,North
7/18/2017 8:15,0.61,North
7/18/2017 8:30,0.63,North
7/18/2017 8:45,0.64,North
7/18/2017 9:00,0.64,North
7/18/2017 9:15,0.63,North
7/18/2017 9:30,0.62,North
7/18/2017 9:45,0.62,North
7/18/2017 10:00,0.62,North
7/18/2017 10:15,0.62,North
7/18/2017 10:30,0.62,North
7/18/2017 10:45,0.62,North
7/18/2017 11:00,0.62,North
7/18/2017 11:15,0.62,North
7/18/2017 11:30,0.62,North
7/18/2017 11:45,0.62,North
7/18/2017 12:00,0.62,North
7/18/2017 12:15,0.62,North
7/18/2017 12:30,0.62,North
7/18/2017 12:45,0.62,North
7/18/2017 13:00,0.62,North
7/18/2017 13:15,0.62,North
7/18/2017 13:30,0.62,North
7/18/2017 13:45,0.62,North
7/18/2017 14:00,0.62,North
7/18/2017 14:15,0.62,North
7/18/2017 14:30,0.62,North
7/18/2017 14:45,0.62,North
7/18/2017 15:00,0.62,North
7/18/2017 15:15,0.61,North
7/18/2017 15:30,0.61,North
7/18/2017 15:45,0.61,North
7/18/2017 16:00,0.61,North
7/18/2017 16:15,0.61,North
7/18/2017 16:30,0.61,North
7/18/2017 16:45,0.61,North
7/18/2017 17:00,0.61,North
7/18/2017 17:15,0.61,North
7/18/2017 17:30,0.6,North
7/18/2017 17:45,0.6,North
7/18/2017 18:00,0.6,North
7/18/2017 18:15,0.59,North
7/18/2017 18:30,0.58,North
7/18/2017 18:45,0.57,North
7/18/2017 19:00,0.56,North
7/18/2017 19:15,0.55,North
7/18/2017 19:30,0.55,North
7/18/2017 19:45,0.55,North
7/18/2017 20:00,0.55,North
7/18/2017 20:15,0.55,North
7/18/2017 20:30,0.55,North
7/18/2017 20:45,0.55,North
7/18/2017 21:00,0.56,North
7/18/2017 21:15,0.56,North
7/18/2017 21:30,0.56,North
7/18/2017 21:45,0.56,North
7/18/2017 22:00,0.56,North
7/18/2017 22:15,0.57,North
7/18/2017 22:30,0.57,North
7/18/2017 22:45,0.58,North
7/18/2017 23:00,0.58,North
7/18/2017 23:15,0.58,North
7/18/2017 23:30,0.59,North
7/18/2017 23:45,0.59,North
7/19/2017 0:00,0.59,North
7/19/2017 0:15,0.59,North
7/19/2017 0:30,0.6,North
7/19/2017 0:45,0.6,North
7/19/2017 1:00,0.6,North
7/19/2017 1:15,0.6,North
7/19/2017 1:30,0.61,North
7/19/2017 1:45,0.61,North
7/19/2017 2:00,0.61,North
7/19/2017 2:15,0.61,North
7/19/2017 2:30,0.61,North
7/19/2017 2:45,0.61,North
7/19/2017 3:00,0.61,North
7/19/2017 3:15,0.61,North
7/19/2017 3:30,0.61,North
7/19/2017 3:45,0.6,North
7/19/2017 4:00,0.6,North
7/19/2017 4:15,0.59,North
7/19/2017 4:30,0.59,North
7/19/2017 4:45,0.59,North
7/19/2017 5:00,0.58,North
7/19/2017 5:15,0.58,North
7/19/2017 5:30,0.58,North
7/19/2017 5:45,0.58,North
7/19/2017 6:00,0.57,North
7/19/2017 6:15,0.57,North
7/19/2017 6:30,0.57,North
7/19/2017 6:45,0.57,North
7/19/2017 7:00,0.57,North
7/19/2017 7:15,0.57,North
7/19/2017 7:30,0.57,North
7/19/2017 7:45,0.57,North
7/19/2017 8:00,0.57,North
7/19/2017 8:15,0.57,North
7/19/2017 8:30,0.57,North
7/19/2017 8:45,0.58,North
7/19/2017 9:00,0.59,North
7/19/2017 9:15,0.59,North
7/19/2017 9:30,0.58,North
7/19/2017 9:45,0.57,North
7/19/2017 10:00,0.57,North
7/19/2017 10:15,0.58,North
7/19/2017 10:30,0.58,North
7/19/2017 10:45,0.58,North
7/19/2017 11:00,0.59,North
7/19/2017 11:15,0.6,North
7/19/2017 11:30,0.6,North
7/19/2017 11:45,0.61,North
7/19/2017 12:00,0.61,North
7/19/2017 12:15,0.61,North
7/19/2017 12:30,0.62,North
7/19/2017 12:45,0.62,North
7/19/2017 13:00,0.62,North
7/19/2017 13:15,0.62,North
7/19/2017 13:30,0.62,North
7/19/2017 13:45,0.62,North
7/19/2017 14:00,0.62,North
7/19/2017 14:15,0.62,North
7/19/2017 14:30,0.62,North
7/19/2017 14:45,0.62,North
7/19/2017 15:00,0.62,North
7/19/2017 15:15,0.61,North
7/19/2017 15:30,0.61,North
7/19/2017 15:45,0.61,North
7/19/2017 16:00,0.61,North
7/19/2017 16:15,0.61,North
7/19/2017 16:30,0.61,North
7/19/2017 16:45,0.61,North
7/19/2017 17:00,0.61,North
7/19/2017 17:15,0.61,North
7/19/2017 17:30,0.61,North
7/19/2017 17:45,0.61,North
7/19/2017 18:00,0.61,North
7/19/2017 18:15,0.61,North
7/19/2017 18:30,0.61,North
7/19/2017 18:45,0.61,North
7/19/2017 19:00,0.6,North
7/19/2017 19:15,0.6,North
7/19/2017 19:30,0.6,North
7/19/2017 19:45,0.6,North
7/19/2017 20:00,0.6,North
7/19/2017 20:15,0.6,North
7/19/2017 20:30,0.6,North
7/19/2017 20:45,0.6,North
7/19/2017 21:00,0.6,North
7/19/2017 21:15,0.61,North
7/19/2017 21:30,0.61,North
7/19/2017 21:45,0.6,North
7/19/2017 22:00,0.6,North
7/19/2017 22:15,0.6,North
7/19/2017 22:30,0.6,North
7/19/2017 22:45,0.6,North
7/19/2017 23:00,0.61,North
7/19/2017 23:15,0.61,North
7/19/2017 23:30,0.6,North
7/19/2017 23:45,0.6,North
7/20/2017 0:00,0.6,North
7/20/2017 0:15,0.61,North
7/20/2017 0:30,0.61,North
7/20/2017 0:45,0.61,North
7/20/2017 1:00,0.61,North
7/20/2017 1:15,0.61,North
7/20/2017 1:30,0.61,North
7/20/2017 1:45,0.61,North
7/20/2017 2:00,0.61,North
7/20/2017 2:15,0.61,North
7/20/2017 2:30,0.61,North
7/20/2017 2:45,0.61,North
7/20/2017 3:00,0.61,North
7/20/2017 3:15,0.61,North
7/20/2017 3:30,0.61,North
7/20/2017 3:45,0.61,North
7/20/2017 4:00,0.61,North
7/20/2017 4:15,0.61,North
7/20/2017 4:30,0.61,North
7/20/2017 4:45,0.61,North
7/20/2017 5:00,0.61,North
7/20/2017 5:15,0.61,North
7/20/2017 5:30,0.61,North
7/20/2017 5:45,0.6,North
7/20/2017 6:00,0.6,North
7/20/2017 6:15,0.6,North
7/20/2017 6:30,0.6,North
7/20/2017 6:45,0.6,North
7/20/2017 7:00,0.6,North
7/20/2017 7:15,0.6,North
7/20/2017 7:30,0.6,North
7/20/2017 7:45,0.6,North
7/20/2017 8:00,0.6,North
7/20/2017 8:15,0.6,North
7/20/2017 8:30,0.6,North
7/20/2017 8:45,0.6,North
7/20/2017 9:00,0.6,North
7/20/2017 9:15,0.6,North
7/20/2017 9:30,0.6,North
7/20/2017 9:45,0.6,North
7/20/2017 10:00,0.6,North
7/20/2017 10:15,0.6,North
7/20/2017 10:30,0.6,North
7/20/2017 10:45,0.6,North
7/20/2017 11:00,0.6,North
7/20/2017 11:15,0.61,North
7/20/2017 11:30,0.61,North
7/20/2017 11:45,0.61,North
7/20/2017 12:00,0.61,North
7/20/2017 12:15,0.61,North
7/20/2017 12:30,0.61,North
7/20/2017 12:45,0.61,North
7/20/2017 13:00,0.61,North
7/20/2017 13:15,0.62,North
7/20/2017 13:30,0.62,North
7/20/2017 13:45,0.62,North
7/20/2017 14:00,0.62,North
7/20/2017 14:15,0.62,North
7/20/2017 14:30,0.62,North
7/20/2017 14:45,0.61,North
7/20/2017 15:00,0.61,North
7/20/2017 15:15,0.61,North
7/20/2017 15:30,0.61,North
7/20/2017 15:45,0.61,North
7/20/2017 16:00,0.61,North
7/20/2017 16:15,0.61,North
7/20/2017 16:30,0.61,North
7/20/2017 16:45,0.61,North
7/20/2017 17:00,0.61,North
7/20/2017 17:15,0.61,North
7/20/2017 17:30,0.61,North
7/20/2017 17:45,0.61,North
7/20/2017 18:00,0.61,North
7/20/2017 18:15,0.61,North
7/20/2017 18:30,0.61,North
7/20/2017 18:45,0.61,North
7/20/2017 19:00,0.61,North
7/20/2017 19:15,0.62,North
7/20/2017 19:30,0.62,North
7/20/2017 19:45,0.62,North
7/20/2017 20:00,0.62,North
7/20/2017 20:15,0.62,North
7/20/2017 20:30,0.62,North
7/20/2017 20:45,0.62,North
7/20/2017 21:00,0.62,North
7/20/2017 21:15,0.62,North
7/20/2017 21:30,0.62,North
7/20/2017 21:45,0.62,North
7/20/2017 22:00,0.62,North
7/20/2017 22:15,0.62,North
7/20/2017 22:30,0.62,North
7/20/2017 22:45,0.62,North
7/20/2017 23:00,0.62,North
7/20/2017 23:15,0.62,North
7/20/2017 23:30,0.62,North
7/20/2017 23:45,0.62,North
7/21/2017 0:00,0.63,North
7/21/2017 0:15,0.63,North
7/21/2017 0:30,0.63,North
7/21/2017 0:45,0.63,North
7/21/2017 1:00,0.63,North
7/21/2017 1:15,0.63,North
7/21/2017 1:30,0.63,North
7/21/2017 1:45,0.63,North
7/21/2017 2:00,0.63,North
7/21/2017 2:15,0.63,North
7/21/2017 2:30,0.63,North
7/21/2017 2:45,0.63,North
7/21/2017 3:00,0.63,North
7/21/2017 3:15,0.62,North
7/21/2017 3:30,0.62,North
7/21/2017 3:45,0.62,North
7/21/2017 4:00,0.61,North
7/21/2017 4:15,0.61,North
7/21/2017 4:30,0.61,North
7/21/2017 4:45,0.61,North
7/21/2017 5:00,0.61,North
7/21/2017 5:15,0.61,North
7/21/2017 5:30,0.61,North
7/21/2017 5:45,0.61,North
7/21/2017 6:00,0.62,North
7/21/2017 6:15,0.63,North
7/21/2017 6:30,0.63,North
7/21/2017 6:45,0.64,North
7/21/2017 7:00,0.64,North
7/21/2017 7:15,0.65,North
7/21/2017 7:30,0.65,North
7/21/2017 7:45,0.65,North
7/21/2017 8:00,0.64,North
7/21/2017 8:15,0.64,North
7/21/2017 8:30,0.64,North
7/21/2017 8:45,0.64,North
7/21/2017 9:00,0.64,North
7/21/2017 9:15,0.64,North
7/21/2017 9:30,0.64,North
7/21/2017 9:45,0.64,North
7/21/2017 10:00,0.64,North
7/21/2017 10:15,0.64,North
7/21/2017 10:30,0.64,North
7/21/2017 10:45,0.64,North
7/21/2017 11:00,0.64,North
7/21/2017 11:15,0.64,North
7/21/2017 11:30,0.64,North
7/21/2017 11:45,0.64,North
7/21/2017 12:00,0.64,North
7/21/2017 12:15,0.64,North
7/21/2017 12:30,0.64,North
7/21/2017 12:45,0.64,North
7/21/2017 13:00,0.64,North
7/21/2017 13:15,0.64,North
7/21/2017 13:30,0.64,North
7/21/2017 13:45,0.64,North
7/21/2017 14:00,0.64,North
7/21/2017 14:15,0.63,North
7/21/2017 14:30,0.63,North
7/21/2017 14:45,0.63,North
7/21/2017 15:00,0.63,North
7/21/2017 15:15,0.63,North
7/21/2017 15:30,0.63,North
7/21/2017 15:45,0.63,North
7/21/2017 16:00,0.63,North
7/21/2017 16:15,0.63,North
7/21/2017 16:30,0.63,North
7/21/2017 16:45,0.63,North
7/21/2017 17:00,0.63,North
7/21/2017 17:15,0.63,North
7/21/2017 17:30,0.63,North
7/21/2017 17:45,0.63,North
7/21/2017 18:00,0.63,North
7/21/2017 18:15,0.63,North
7/21/2017 18:30,0.63,North
7/21/2017 18:45,0.63,North
7/21/2017 19:00,0.63,North
7/21/2017 19:15,0.63,North
7/21/2017 19:30,0.63,North
7/21/2017 19:45,0.64,North
7/21/2017 20:00,0.64,North
7/21/2017 20:15,0.64,North
7/21/2017 20:30,0.64,North
7/21/2017 20:45,0.64,North
7/21/2017 21:00,0.64,North
7/21/2017 21:15,0.64,North
7/21/2017 21:30,0.64,North
7/21/2017 21:45,0.64,North
7/21/2017 22:00,0.64,North
7/21/2017 22:15,0.64,North
7/21/2017 22:30,0.64,North
7/21/2017 22:45,0.64,North
7/21/2017 23:00,0.64,North
7/21/2017 23:15,0.64,North
7/21/2017 23:30,0.64,North
7/21/2017 23:45,0.64,North
7/22/2017 0:00,0.63,North
7/22/2017 0:15,0.63,North
7/22/2017 0:30,0.64,North
7/22/2017 0:45,0.64,North
7/22/2017 1:00,0.64,North
7/22/2017 1:15,0.64,North
7/22/2017 1:30,0.64,North
7/22/2017 1:45,0.64,North
7/22/2017 2:00,0.64,North
7/22/2017 2:15,0.64,North
7/22/2017 2:30,0.64,North
7/22/2017 2:45,0.64,North
7/22/2017 3:00,0.64,North
7/22/2017 3:15,0.64,North
7/22/2017 3:30,0.64,North
7/22/2017 3:45,0.64,North
7/22/2017 4:00,0.64,North
7/22/2017 4:15,0.64,North
7/22/2017 4:30,0.64,North
7/22/2017 4:45,0.64,North
7/22/2017 5:00,0.64,North
7/22/2017 5:15,0.64,North
7/22/2017 5:30,0.64,North
7/22/2017 5:45,0.64,North
7/22/2017 6:00,0.64,North
7/22/2017 6:15,0.65,North
7/22/2017 6:30,0.65,North
7/22/2017 6:45,0.65,North
7/22/2017 7:00,0.65,North
7/22/2017 7:15,0.65,North
7/22/2017 7:30,0.65,North
7/22/2017 7:45,0.64,North
7/22/2017 8:00,0.64,North
7/22/2017 8:15,0.64,North
7/22/2017 8:30,0.64,North
7/22/2017 8:45,0.64,North
7/22/2017 9:00,0.64,North
7/22/2017 9:15,0.65,North
7/22/2017 9:30,0.65,North
7/22/2017 9:45,0.65,North
7/22/2017 10:00,0.65,North
7/22/2017 10:15,0.65,North
7/22/2017 10:30,0.65,North
7/22/2017 10:45,0.64,North
7/22/2017 11:00,0.64,North
7/22/2017 11:15,0.64,North
7/22/2017 11:30,0.64,North
7/22/2017 11:45,0.64,North
7/22/2017 12:00,0.64,North
7/22/2017 12:15,0.64,North
7/22/2017 12:30,0.64,North
7/22/2017 12:45,0.63,North
7/22/2017 13:00,0.63,North
7/22/2017 13:15,0.63,North
7/22/2017 13:30,0.63,North
7/22/2017 13:45,0.63,North
7/22/2017 14:00,0.63,North
7/22/2017 14:15,0.63,North
7/22/2017 14:30,0.64,North
7/22/2017 14:45,0.64,North
7/22/2017 15:00,0.64,North
7/22/2017 15:15,0.64,North
7/22/2017 15:30,0.64,North
7/22/2017 15:45,0.63,North
7/22/2017 16:00,0.63,North
7/22/2017 16:15,0.63,North
7/22/2017 16:30,0.63,North
7/22/2017 16:45,0.63,North
7/22/2017 17:00,0.63,North
7/22/2017 17:15,0.63,North
7/22/2017 17:30,0.63,North
7/22/2017 17:45,0.63,North
7/22/2017 18:00,0.63,North
7/22/2017 18:15,0.64,North
7/22/2017 18:30,0.64,North
7/22/2017 18:45,0.64,North
7/22/2017 19:00,0.64,North
7/22/2017 19:15,0.64,North
7/22/2017 19:30,0.64,North
7/22/2017 19:45,0.64,North
7/22/2017 20:00,0.64,North
7/22/2017 20:15,0.64,North
7/22/2017 20:30,0.64,North
7/22/2017 20:45,0.64,North
7/22/2017 21:00,0.64,North
7/22/2017 21:15,0.64,North
7/22/2017 21:30,0.63,North
7/22/2017 21:45,0.63,North
7/22/2017 22:00,0.62,North
7/22/2017 22:15,0.61,North
7/22/2017 22:30,0.61,North
7/22/2017 22:45,0.61,North
7/22/2017 23:00,0.6,North
7/22/2017 23:15,0.6,North
7/22/2017 23:30,0.59,North
7/22/2017 23:45,0.59,North
7/23/2017 0:00,0.59,North
7/23/2017 0:15,0.59,North
7/23/2017 0:30,0.59,North
7/23/2017 0:45,0.59,North
7/23/2017 1:00,0.59,North
7/23/2017 1:15,0.59,North
7/23/2017 1:30,0.59,North
7/23/2017 1:45,0.59,North
7/23/2017 2:00,0.59,North
7/23/2017 2:15,0.59,North
7/23/2017 2:30,0.59,North
7/23/2017 2:45,0.59,North
7/23/2017 3:00,0.59,North
7/23/2017 3:15,0.59,North
7/23/2017 3:30,0.59,North
7/23/2017 3:45,0.59,North
7/23/2017 4:00,0.59,North
7/23/2017 4:15,0.59,North
7/23/2017 4:30,0.59,North
7/23/2017 4:45,0.59,North
7/23/2017 5:00,0.59,North
7/23/2017 5:15,0.59,North
7/23/2017 5:30,0.59,North
7/23/2017 5:45,0.59,North
7/23/2017 6:00,0.59,North
7/23/2017 6:15,0.59,North
7/23/2017 6:30,0.59,North
7/23/2017 6:45,0.59,North
7/23/2017 7:00,0.59,North
7/23/2017 7:15,0.59,North
7/23/2017 7:30,0.59,North
7/23/2017 7:45,0.59,North
7/23/2017 8:00,0.6,North
7/23/2017 8:15,0.6,North
7/23/2017 8:30,0.59,North
7/23/2017 8:45,0.59,North
7/23/2017 9:00,0.59,North
7/23/2017 9:15,0.59,North
7/23/2017 9:30,0.59,North
7/23/2017 9:45,0.59,North
7/23/2017 10:00,0.59,North
7/23/2017 10:15,0.59,North
7/23/2017 10:30,0.59,North
7/23/2017 10:45,0.59,North
7/23/2017 11:00,0.59,North
7/23/2017 11:15,0.59,North
7/23/2017 11:30,0.59,North
7/23/2017 11:45,0.59,North
7/23/2017 12:00,0.58,North
7/23/2017 12:15,0.57,North
7/23/2017 12:30,0.57,North
7/23/2017 12:45,0.56,North
7/23/2017 13:00,0.56,North
7/23/2017 13:15,0.55,North
7/23/2017 13:30,0.55,North
7/23/2017 13:45,0.54,North
7/23/2017 14:00,0.53,North
7/23/2017 14:15,0.53,North
7/23/2017 14:30,0.53,North
7/23/2017 14:45,0.53,North
7/23/2017 15:00,0.53,North
7/23/2017 15:15,0.53,North
7/23/2017 15:30,0.53,North
7/23/2017 15:45,0.53,North
7/23/2017 16:00,0.54,North
7/23/2017 16:15,0.54,North
7/23/2017 16:30,0.54,North
7/23/2017 16:45,0.54,North
7/23/2017 17:00,0.54,North
7/23/2017 17:15,0.54,North
7/23/2017 17:30,0.54,North
7/23/2017 17:45,0.54,North
7/23/2017 18:00,0.54,North
7/23/2017 18:15,0.54,North
7/23/2017 18:30,0.54,North
7/23/2017 18:45,0.54,North
7/23/2017 19:00,0.54,North
7/23/2017 19:15,0.55,North
7/23/2017 19:30,0.56,North
7/23/2017 19:45,0.56,North
7/23/2017 20:00,0.56,North
7/23/2017 20:15,0.56,North
7/23/2017 20:30,0.56,North
7/23/2017 20:45,0.56,North
7/23/2017 21:00,0.57,North
7/23/2017 21:15,0.57,North
7/23/2017 21:30,0.57,North
7/23/2017 21:45,0.57,North
7/23/2017 22:00,0.57,North
7/23/2017 22:15,0.57,North
7/23/2017 22:30,0.58,North
7/23/2017 22:45,0.58,North
7/23/2017 23:00,0.58,North
7/23/2017 23:15,0.58,North
7/23/2017 23:30,0.58,North
7/23/2017 23:45,0.58,North
7/24/2017 0:00,0.58,North
7/24/2017 0:15,0.58,North
7/24/2017 0:30,0.58,North
7/24/2017 0:45,0.58,North
7/24/2017 1:00,0.58,North
7/24/2017 1:15,0.58,North
7/24/2017 1:30,0.58,North
7/24/2017 1:45,0.58,North
7/24/2017 2:00,0.58,North
7/24/2017 2:15,0.58,North
7/24/2017 2:30,0.58,North
7/24/2017 2:45,0.58,North
7/24/2017 3:00,0.57,North
7/24/2017 3:15,0.57,North
7/24/2017 3:30,0.58,North
7/24/2017 3:45,0.58,North
7/24/2017 4:00,0.58,North
7/24/2017 4:15,0.58,North
7/24/2017 4:30,0.58,North
7/24/2017 4:45,0.58,North
7/24/2017 5:00,0.58,North
7/24/2017 5:15,0.58,North
7/24/2017 5:30,0.58,North
7/24/2017 5:45,0.58,North
7/24/2017 6:00,0.58,North
7/24/2017 6:15,0.58,North
7/24/2017 6:30,0.58,North
7/24/2017 6:45,0.58,North
7/24/2017 7:00,0.58,North
7/24/2017 7:15,0.58,North
7/24/2017 7:30,0.57,North
7/24/2017 7:45,0.57,North
7/24/2017 8:00,0.57,North
7/24/2017 8:15,0.57,North
7/24/2017 8:30,0.56,North
7/24/2017 8:45,0.56,North
7/24/2017 9:00,0.56,North
7/24/2017 9:15,0.56,North
7/24/2017 9:30,0.57,North
7/24/2017 9:45,0.57,North
7/24/2017 10:00,0.57,North
7/24/2017 10:15,0.57,North
7/24/2017 10:30,0.57,North
7/24/2017 10:45,0.57,North
7/24/2017 11:00,0.57,North
7/24/2017 11:15,0.57,North
7/24/2017 11:30,0.57,North
7/24/2017 11:45,0.57,North
7/24/2017 12:00,0.58,North
7/24/2017 12:15,0.57,North
7/24/2017 12:30,0.57,North
7/24/2017 12:45,0.57,North
7/24/2017 13:00,0.57,North
7/24/2017 13:15,0.57,North
7/24/2017 13:30,0.56,North
7/24/2017 13:45,0.56,North
7/24/2017 14:00,0.55,North
7/24/2017 14:15,0.55,North
7/24/2017 14:30,0.55,North
7/24/2017 14:45,0.55,North
7/24/2017 15:00,0.55,North
7/24/2017 15:15,0.55,North
7/24/2017 15:30,0.55,North
7/24/2017 15:45,0.55,North
7/24/2017 16:00,0.54,North
7/24/2017 16:15,0.54,North
7/24/2017 16:30,0.54,North
7/24/2017 16:45,0.54,North
7/24/2017 17:00,0.54,North
7/24/2017 17:15,0.53,North
7/24/2017 17:30,0.53,North
7/24/2017 17:45,0.52,North
7/24/2017 18:00,0.52,North
7/24/2017 18:15,0.52,North
7/24/2017 18:30,0.52,North
7/24/2017 18:45,0.52,North
7/24/2017 19:00,0.52,North
7/24/2017 19:15,0.52,North
7/24/2017 19:30,0.52,North
7/24/2017 19:45,0.52,North
7/24/2017 20:00,0.52,North
7/24/2017 20:15,0.53,North
7/24/2017 20:30,0.53,North
7/24/2017 20:45,0.53,North
7/24/2017 21:00,0.53,North
7/24/2017 21:15,0.53,North
7/24/2017 21:30,0.53,North
7/24/2017 21:45,0.53,North
7/24/2017 22:00,0.53,North
7/24/2017 22:15,0.53,North
7/24/2017 22:30,0.54,North
7/24/2017 22:45,0.54,North
7/24/2017 23:00,0.54,North
7/24/2017 23:15,0.54,North
7/24/2017 23:30,0.54,North
7/24/2017 23:45,0.54,North
7/25/2017 0:00,0.54,North
7/25/2017 0:15,0.54,North
7/25/2017 0:30,0.55,North
7/25/2017 0:45,0.55,North
7/25/2017 1:00,0.55,North
7/25/2017 1:15,0.55,North
7/25/2017 1:30,0.54,North
7/25/2017 1:45,0.54,North
7/25/2017 2:00,0.53,North
7/25/2017 2:15,0.52,North
7/25/2017 2:30,0.5,North
7/25/2017 2:45,0.49,North
7/25/2017 3:00,0.49,North
7/25/2017 3:15,0.49,North
7/25/2017 3:30,0.5,North
7/25/2017 3:45,0.52,North
7/25/2017 4:00,0.53,North
7/25/2017 4:15,0.52,North
7/25/2017 4:30,0.5,North
7/25/2017 4:45,0.49,North
7/25/2017 5:00,0.49,North
7/25/2017 5:15,0.46,North
7/25/2017 5:30,0.47,North
7/25/2017 5:45,0.48,North
7/25/2017 6:00,0.49,North
7/25/2017 6:15,0.5,North
7/25/2017 6:30,0.5,North
7/25/2017 6:45,0.5,North
7/25/2017 7:00,0.5,North
7/25/2017 7:15,0.5,North
7/25/2017 7:30,0.5,North
7/25/2017 7:45,0.49,North
7/25/2017 8:00,0.48,North
7/25/2017 8:15,0.48,North
7/25/2017 8:30,0.48,North
7/25/2017 8:45,0.48,North
7/25/2017 9:00,0.48,North
7/25/2017 9:15,0.48,North
7/25/2017 9:30,0.48,North
7/25/2017 9:45,0.48,North
7/25/2017 10:00,0.49,North
7/25/2017 10:15,0.49,North
7/25/2017 10:30,0.49,North
7/25/2017 10:45,0.49,North
7/25/2017 11:00,0.49,North
7/25/2017 11:15,0.49,North
7/25/2017 11:30,0.49,North
7/25/2017 11:45,0.49,North
7/25/2017 12:00,0.48,North
7/25/2017 12:15,0.48,North
7/25/2017 12:30,0.48,North
7/25/2017 12:45,0.49,North
7/25/2017 13:00,0.49,North
7/25/2017 13:15,0.5,North
7/25/2017 13:30,0.5,North
7/25/2017 13:45,0.51,North
7/25/2017 14:00,0.51,North
7/25/2017 14:15,0.52,North
7/25/2017 14:30,0.52,North
7/25/2017 14:45,0.52,North
7/25/2017 15:00,0.52,North
7/25/2017 15:15,0.52,North
7/25/2017 15:30,0.52,North
7/25/2017 15:45,0.52,North
7/25/2017 16:00,0.52,North
7/25/2017 16:15,0.52,North
7/25/2017 16:30,0.52,North
7/25/2017 16:45,0.51,North
7/25/2017 17:00,0.51,North
7/25/2017 17:15,0.51,North
7/25/2017 17:30,0.51,North
7/25/2017 17:45,0.51,North
7/25/2017 18:00,0.51,North
7/25/2017 18:15,0.51,North
7/25/2017 18:30,0.51,North
7/25/2017 18:45,0.51,North
7/25/2017 19:00,0.52,North
7/25/2017 19:15,0.52,North
7/25/2017 19:30,0.52,North
7/25/2017 19:45,0.51,North
7/25/2017 20:00,0.51,North
7/25/2017 20:15,0.51,North
7/25/2017 20:30,0.51,North
7/25/2017 20:45,0.51,North
7/25/2017 21:00,0.51,North
7/25/2017 21:15,0.51,North
7/25/2017 21:30,0.51,North
7/25/2017 21:45,0.51,North
7/25/2017 22:00,0.51,North
7/25/2017 22:15,0.5,North
7/25/2017 22:30,0.5,North
7/25/2017 22:45,0.51,North
7/25/2017 23:00,0.51,North
7/25/2017 23:15,0.51,North
7/25/2017 23:30,0.51,North
7/25/2017 23:45,0.51,North
7/26/2017 0:00,0.51,North
7/26/2017 0:15,0.51,North
7/26/2017 0:30,0.51,North
7/26/2017 0:45,0.51,North
7/26/2017 1:00,0.51,North
7/26/2017 1:15,0.51,North
7/26/2017 1:30,0.51,North
7/26/2017 1:45,0.51,North
7/26/2017 2:00,0.51,North
7/26/2017 2:15,0.51,North
7/26/2017 2:30,0.51,North
7/26/2017 2:45,0.51,North
7/26/2017 3:00,0.51,North
7/26/2017 3:15,0.52,North
7/26/2017 3:30,0.52,North
7/26/2017 3:45,0.52,North
7/26/2017 4:00,0.52,North
7/26/2017 4:15,0.52,North
7/26/2017 4:30,0.52,North
7/26/2017 4:45,0.52,North
7/26/2017 5:00,0.52,North
7/26/2017 5:15,0.53,North
7/26/2017 5:30,0.53,North
7/26/2017 5:45,0.53,North
7/26/2017 6:00,0.52,North
7/26/2017 6:15,0.52,North
7/26/2017 6:30,0.52,North
7/26/2017 6:45,0.52,North
7/26/2017 7:00,0.53,North
7/26/2017 7:15,0.53,North
7/26/2017 7:30,0.53,North
7/26/2017 7:45,0.52,North
7/26/2017 8:00,0.52,North
7/26/2017 8:15,0.52,North
7/26/2017 8:30,0.52,North
7/26/2017 8:45,0.52,North
7/26/2017 9:00,0.52,North
7/26/2017 9:15,0.52,North
7/26/2017 9:30,0.52,North
7/26/2017 9:45,0.53,North
7/26/2017 10:00,0.53,North
7/26/2017 10:15,0.53,North
7/26/2017 10:30,0.53,North
7/26/2017 10:45,0.52,North
7/26/2017 11:00,0.52,North
7/26/2017 11:15,0.52,North
7/26/2017 11:30,0.52,North
7/26/2017 11:45,0.52,North
7/26/2017 12:00,0.52,North
7/26/2017 12:15,0.53,North
7/26/2017 12:30,0.53,North
7/26/2017 12:45,0.53,North
7/26/2017 13:00,0.53,North
7/26/2017 13:15,0.53,North
7/26/2017 13:30,0.53,North
7/26/2017 13:45,0.53,North
7/26/2017 14:00,0.53,North
7/26/2017 14:15,0.53,North
7/26/2017 14:30,0.53,North
7/26/2017 14:45,0.53,North
7/26/2017 15:00,0.53,North
7/26/2017 15:15,0.53,North
7/26/2017 15:30,0.53,North
7/26/2017 15:45,0.53,North
7/26/2017 16:00,0.53,North
7/26/2017 16:15,0.53,North
7/26/2017 16:30,0.53,North
7/26/2017 16:45,0.53,North
7/26/2017 17:00,0.53,North
7/26/2017 17:15,0.53,North
7/26/2017 17:30,0.53,North
7/26/2017 17:45,0.53,North
7/26/2017 18:00,0.54,North
7/26/2017 18:15,0.56,North
7/26/2017 18:30,0.57,North
7/26/2017 18:45,0.57,North
7/26/2017 19:00,0.57,North
7/26/2017 19:15,0.56,North
7/26/2017 19:30,0.55,North
7/26/2017 19:45,0.55,North
7/26/2017 20:00,0.56,North
7/26/2017 20:15,0.56,North
7/26/2017 20:30,0.57,North
7/26/2017 20:45,0.57,North
7/26/2017 21:00,0.57,North
7/26/2017 21:15,0.56,North
7/26/2017 21:30,0.56,North
7/26/2017 21:45,0.56,North
7/26/2017 22:00,0.56,North
7/26/2017 22:15,0.56,North
7/26/2017 22:30,0.56,North
7/26/2017 22:45,0.56,North
7/26/2017 23:00,0.56,North
7/26/2017 23:15,0.56,North
7/26/2017 23:30,0.56,North
7/26/2017 23:45,0.55,North
7/27/2017 0:00,0.55,North
7/27/2017 0:15,0.55,North
7/27/2017 0:30,0.55,North
7/27/2017 0:45,0.55,North
7/27/2017 1:00,0.55,North
7/27/2017 1:15,0.55,North
7/27/2017 1:30,0.55,North
7/27/2017 1:45,0.55,North
7/27/2017 2:00,0.55,North
7/27/2017 2:15,0.54,North
7/27/2017 2:30,0.54,North
7/27/2017 2:45,0.54,North
7/27/2017 3:00,0.54,North
7/27/2017 3:15,0.54,North
7/27/2017 3:30,0.54,North
7/27/2017 3:45,0.54,North
7/27/2017 4:00,0.54,North
7/27/2017 4:15,0.55,North
7/27/2017 4:30,0.55,North
7/27/2017 4:45,0.55,North
7/27/2017 5:00,0.55,North
7/27/2017 5:15,0.55,North
7/27/2017 5:30,0.56,North
7/27/2017 5:45,0.56,North
7/27/2017 6:00,0.56,North
7/27/2017 6:15,0.56,North
7/27/2017 6:30,0.56,North
7/27/2017 6:45,0.56,North
7/27/2017 7:00,0.56,North
7/27/2017 7:15,0.56,North
7/27/2017 7:30,0.56,North
7/27/2017 7:45,0.56,North
7/27/2017 8:00,0.56,North
7/27/2017 8:15,0.57,North
7/27/2017 8:30,0.57,North
7/27/2017 8:45,0.57,North
7/27/2017 9:00,0.57,North
7/27/2017 9:15,0.57,North
7/27/2017 9:30,0.57,North
7/27/2017 9:45,0.57,North
7/27/2017 10:00,0.57,North
7/27/2017 10:15,0.57,North
7/27/2017 10:30,0.57,North
7/27/2017 10:45,0.57,North
7/27/2017 11:00,0.57,North
7/27/2017 11:15,0.57,North
7/27/2017 11:30,0.58,North
7/27/2017 11:45,0.58,North
7/27/2017 12:00,0.58,North
7/27/2017 12:15,0.58,North
7/27/2017 12:30,0.58,North
7/27/2017 12:45,0.58,North
7/27/2017 13:00,0.58,North
7/27/2017 13:15,0.58,North
7/27/2017 13:30,0.57,North
7/27/2017 13:45,0.57,North
7/27/2017 14:00,0.57,North
7/27/2017 14:15,0.57,North
7/27/2017 14:30,0.57,North
7/27/2017 14:45,0.57,North
7/27/2017 15:00,0.57,North
7/27/2017 15:15,0.57,North
7/27/2017 15:30,0.57,North
7/27/2017 15:45,0.57,North
7/27/2017 16:00,0.57,North
7/27/2017 16:15,0.57,North
7/27/2017 16:30,0.57,North
7/27/2017 16:45,0.57,North
7/27/2017 17:00,0.57,North
7/27/2017 17:15,0.56,North
7/27/2017 17:30,0.56,North
7/27/2017 17:45,0.56,North
7/27/2017 18:00,0.56,North
7/27/2017 18:15,0.56,North
7/27/2017 18:30,0.56,North
7/27/2017 18:45,0.56,North
7/27/2017 19:00,0.56,North
7/27/2017 19:15,0.56,North
7/27/2017 19:30,0.56,North
7/27/2017 19:45,0.56,North
7/27/2017 20:00,0.56,North
7/27/2017 20:15,0.56,North
7/27/2017 20:30,0.56,North
7/27/2017 20:45,0.56,North
7/27/2017 21:00,0.56,North
7/27/2017 21:15,0.56,North
7/27/2017 21:30,0.56,North
7/27/2017 21:45,0.56,North
7/27/2017 22:00,0.56,North
7/27/2017 22:15,0.56,North
7/27/2017 22:30,0.56,North
7/27/2017 22:45,0.56,North
7/27/2017 23:00,0.56,North
7/27/2017 23:15,0.56,North
7/27/2017 23:30,0.56,North
7/27/2017 23:45,0.56,North
7/28/2017 0:00,0.56,North
7/28/2017 0:15,0.56,North
7/28/2017 0:30,0.56,North
7/28/2017 0:45,0.56,North
7/28/2017 1:00,0.55,North
7/28/2017 1:15,0.55,North
7/28/2017 1:30,0.55,North
7/28/2017 1:45,0.55,North
7/28/2017 2:00,0.55,North
7/28/2017 2:15,0.55,North
7/28/2017 2:30,0.55,North
7/28/2017 2:45,0.55,North
7/28/2017 3:00,0.55,North
7/28/2017 3:15,0.55,North
7/28/2017 3:30,0.55,North
7/28/2017 3:45,0.55,North
7/28/2017 4:00,0.55,North
7/28/2017 4:15,0.55,North
7/28/2017 4:30,0.55,North
7/28/2017 4:45,0.55,North
7/28/2017 5:00,0.55,North
7/28/2017 5:15,0.55,North
7/28/2017 5:30,0.55,North
7/28/2017 5:45,0.55,North
7/28/2017 6:00,0.55,North
7/28/2017 6:15,0.55,North
7/28/2017 6:30,0.55,North
7/28/2017 6:45,0.55,North
7/28/2017 7:00,0.55,North
7/28/2017 7:15,0.55,North
7/28/2017 7:30,0.55,North
7/28/2017 7:45,0.55,North
7/28/2017 8:00,0.55,North
7/28/2017 8:15,0.56,North
7/28/2017 8:30,0.56,North
7/28/2017 8:45,0.56,North
7/28/2017 9:00,0.56,North
7/28/2017 9:15,0.56,North
7/28/2017 9:30,0.56,North
7/28/2017 9:45,0.56,North
7/28/2017 10:00,0.56,North
7/28/2017 10:15,0.56,North
7/28/2017 10:30,0.56,North
7/28/2017 10:45,0.56,North
7/28/2017 11:00,0.56,North
7/28/2017 11:15,0.56,North
7/28/2017 11:30,0.56,North
7/28/2017 11:45,0.56,North
7/28/2017 12:00,0.56,North
7/28/2017 12:15,0.56,North
7/28/2017 12:30,0.56,North
7/28/2017 12:45,0.56,North
7/28/2017 13:00,0.56,North
7/28/2017 13:15,0.56,North
7/28/2017 13:30,0.56,North
7/28/2017 13:45,0.57,North
7/28/2017 14:00,0.57,North
7/28/2017 14:15,0.56,North
7/28/2017 14:30,0.56,North
7/28/2017 14:45,0.56,North
7/28/2017 15:00,0.56,North
7/28/2017 15:15,0.56,North
7/28/2017 15:30,0.56,North
7/28/2017 15:45,0.56,North
7/28/2017 16:00,0.56,North
7/28/2017 16:15,0.56,North
7/28/2017 16:30,0.56,North
7/28/2017 16:45,0.56,North
7/28/2017 17:00,0.56,North
7/28/2017 17:15,0.56,North
7/28/2017 17:30,0.56,North
7/28/2017 17:45,0.56,North
7/28/2017 18:00,0.56,North
7/28/2017 18:15,0.56,North
7/28/2017 18:30,0.56,North
7/28/2017 18:45,0.57,North
7/28/2017 19:00,0.57,North
7/28/2017 19:15,0.57,North
7/28/2017 19:30,0.57,North
7/28/2017 19:45,0.57,North
7/28/2017 20:00,0.57,North
7/28/2017 20:15,0.57,North
7/28/2017 20:30,0.56,North
7/28/2017 20:45,0.56,North
7/28/2017 21:00,0.56,North
7/28/2017 21:15,0.55,North
7/28/2017 21:30,0.55,North
7/28/2017 21:45,0.55,North
7/28/2017 22:00,0.55,North
7/28/2017 22:15,0.55,North
7/28/2017 22:30,0.55,North
7/28/2017 22:45,0.55,North
7/28/2017 23:00,0.55,North
7/28/2017 23:15,0.55,North
7/28/2017 23:30,0.55,North
7/28/2017 23:45,0.55,North
7/29/2017 0:00,0.55,North
7/29/2017 0:15,0.55,North
7/29/2017 0:30,0.55,North
7/29/2017 0:45,0.55,North
7/29/2017 1:00,0.55,North
7/29/2017 1:15,0.55,North
7/29/2017 1:30,0.55,North
7/29/2017 1:45,0.55,North
7/29/2017 2:00,0.55,North
7/29/2017 2:15,0.55,North
7/29/2017 2:30,0.55,North
7/29/2017 2:45,0.55,North
7/29/2017 3:00,0.55,North
7/29/2017 3:15,0.55,North
7/29/2017 3:30,0.53,North
7/29/2017 3:45,0.53,North
7/29/2017 4:00,0.54,North
7/29/2017 4:15,0.54,North
7/29/2017 4:30,0.53,North
7/29/2017 4:45,0.53,North
7/29/2017 5:00,0.53,North
7/29/2017 5:15,0.52,North
7/29/2017 5:30,0.49,North
7/29/2017 5:45,0.48,North
7/29/2017 6:00,0.44,North
7/29/2017 6:15,0.43,North
7/29/2017 6:30,0.41,North
7/29/2017 6:45,0.43,North
7/29/2017 7:00,0.45,North
7/29/2017 7:15,0.44,North
7/29/2017 7:30,0.44,North
7/29/2017 7:45,0.44,North
7/29/2017 8:00,0.45,North
7/29/2017 8:15,0.45,North
7/29/2017 8:30,0.46,North
7/29/2017 8:45,0.46,North
7/29/2017 9:00,0.43,North
7/29/2017 9:15,0.42,North
7/29/2017 9:30,0.46,North
7/29/2017 9:45,0.48,North
7/29/2017 10:00,0.47,North
7/29/2017 10:15,0.48,North
7/29/2017 10:30,0.48,North
7/29/2017 10:45,0.48,North
7/29/2017 11:00,0.49,North
7/29/2017 11:15,0.5,North
7/29/2017 11:30,0.49,North
7/29/2017 11:45,0.48,North
7/29/2017 12:00,0.48,North
7/29/2017 12:15,0.48,North
7/29/2017 12:30,0.48,North
7/29/2017 12:45,0.48,North
7/29/2017 13:00,0.47,North
7/29/2017 13:15,0.48,North
7/29/2017 13:30,0.48,North
7/29/2017 13:45,0.48,North
7/29/2017 14:00,0.48,North
7/29/2017 14:15,0.49,North
7/29/2017 14:30,0.49,North
7/29/2017 14:45,0.49,North
7/29/2017 15:00,0.49,North
7/29/2017 15:15,0.48,North
7/29/2017 15:30,0.48,North
7/29/2017 15:45,0.48,North
7/29/2017 16:00,0.47,North
7/29/2017 16:15,0.47,North
7/29/2017 16:30,0.47,North
7/29/2017 16:45,0.46,North
7/29/2017 17:00,0.46,North
7/29/2017 17:15,0.46,North
7/29/2017 17:30,0.45,North
7/29/2017 17:45,0.45,North
7/29/2017 18:00,0.44,North
7/29/2017 18:15,0.44,North
7/29/2017 18:30,0.44,North
7/29/2017 18:45,0.44,North
7/29/2017 19:00,0.44,North
7/29/2017 19:15,0.45,North
7/29/2017 19:30,0.45,North
7/29/2017 19:45,0.45,North
7/29/2017 20:00,0.45,North
7/29/2017 20:15,0.46,North
7/29/2017 20:30,0.46,North
7/29/2017 20:45,0.46,North
7/29/2017 21:00,0.46,North
7/29/2017 21:15,0.46,North
7/29/2017 21:30,0.46,North
7/29/2017 21:45,0.46,North
7/29/2017 22:00,0.46,North
7/29/2017 22:15,0.47,North
7/29/2017 22:30,0.47,North
7/29/2017 22:45,0.47,North
7/29/2017 23:00,0.47,North
7/29/2017 23:15,0.47,North
7/29/2017 23:30,0.47,North
7/29/2017 23:45,0.47,North
7/30/2017 0:00,0.46,North
7/30/2017 0:15,0.46,North
7/30/2017 0:30,0.46,North
7/30/2017 0:45,0.46,North
7/30/2017 1:00,0.46,North
7/30/2017 1:15,0.46,North
7/30/2017 1:30,0.46,North
7/30/2017 1:45,0.46,North
7/30/2017 2:00,0.46,North
7/30/2017 2:15,0.47,North
7/30/2017 2:30,0.47,North
7/30/2017 2:45,0.47,North
7/30/2017 3:00,0.47,North
7/30/2017 3:15,0.47,North
7/30/2017 3:30,0.47,North
7/30/2017 3:45,0.47,North
7/30/2017 4:00,0.47,North
7/30/2017 4:15,0.47,North
7/30/2017 4:30,0.47,North
7/30/2017 4:45,0.47,North
7/30/2017 5:00,0.47,North
7/30/2017 5:15,0.47,North
7/30/2017 5:30,0.47,North
7/30/2017 5:45,0.47,North
7/30/2017 6:00,0.47,North
7/30/2017 6:15,0.47,North
7/30/2017 6:30,0.47,North
7/30/2017 6:45,0.47,North
7/30/2017 7:00,0.47,North
7/30/2017 7:15,0.47,North
7/30/2017 7:30,0.47,North
7/30/2017 7:45,0.47,North
7/30/2017 8:00,0.47,North
7/30/2017 8:15,0.47,North
7/30/2017 8:30,0.47,North
7/30/2017 8:45,0.47,North
7/30/2017 9:00,0.47,North
7/30/2017 9:15,0.47,North
7/30/2017 9:30,0.47,North
7/30/2017 9:45,0.47,North
7/30/2017 10:00,0.47,North
7/30/2017 10:15,0.48,North
7/30/2017 10:30,0.48,North
7/30/2017 10:45,0.48,North
7/30/2017 11:00,0.48,North
7/30/2017 11:15,0.48,North
7/30/2017 11:30,0.48,North
7/30/2017 11:45,0.48,North
7/30/2017 12:00,0.48,North
7/30/2017 12:15,0.48,North
7/30/2017 12:30,0.48,North
7/30/2017 12:45,0.48,North
7/30/2017 13:00,0.48,North
7/30/2017 13:15,0.48,North
7/30/2017 13:30,0.48,North
7/30/2017 13:45,0.48,North
7/30/2017 14:00,0.48,North
7/30/2017 14:15,0.48,North
7/30/2017 14:30,0.48,North
7/30/2017 14:45,0.48,North
7/30/2017 15:00,0.48,North
7/30/2017 15:15,0.48,North
7/30/2017 15:30,0.48,North
7/30/2017 15:45,0.48,North
7/30/2017 16:00,0.48,North
7/30/2017 16:15,0.48,North
7/30/2017 16:30,0.48,North
7/30/2017 16:45,0.48,North
7/30/2017 17:00,0.49,North
7/30/2017 17:15,0.49,North
7/30/2017 17:30,0.49,North
7/30/2017 17:45,0.49,North
7/30/2017 18:00,0.49,North
7/30/2017 18:15,0.49,North
7/30/2017 18:30,0.49,North
7/30/2017 18:45,0.49,North
7/30/2017 19:00,0.49,North
7/30/2017 19:15,0.49,North
7/30/2017 19:30,0.49,North
7/30/2017 19:45,0.49,North
7/30/2017 20:00,0.49,North
7/30/2017 20:15,0.49,North
7/30/2017 20:30,0.49,North
7/30/2017 20:45,0.49,North
7/30/2017 21:00,0.49,North
7/30/2017 21:15,0.49,North
7/30/2017 21:30,0.49,North
7/30/2017 21:45,0.49,North
7/30/2017 22:00,0.49,North
7/30/2017 22:15,0.49,North
7/30/2017 22:30,0.49,North
7/30/2017 22:45,0.49,North
7/30/2017 23:00,0.5,North
7/30/2017 23:15,0.5,North
7/30/2017 23:30,0.51,North
7/30/2017 23:45,0.51,North
7/31/2017 0:00,0.51,North
7/31/2017 0:15,0.51,North
7/31/2017 0:30,0.51,North
7/31/2017 0:45,0.51,North
7/31/2017 1:00,0.52,North
7/31/2017 1:15,0.52,North
7/31/2017 1:30,0.52,North
7/31/2017 1:45,0.52,North
7/31/2017 2:00,0.52,North
7/31/2017 2:15,0.52,North
7/31/2017 2:30,0.52,North
7/31/2017 2:45,0.52,North
7/31/2017 3:00,0.52,North
7/31/2017 3:15,0.52,North
7/31/2017 3:30,0.52,North
7/31/2017 3:45,0.52,North
7/31/2017 4:00,0.53,North
7/31/2017 4:15,0.52,North
7/31/2017 4:30,0.53,North
7/31/2017 4:45,0.53,North
7/31/2017 5:00,0.53,North
7/31/2017 5:15,0.53,North
7/31/2017 5:30,0.53,North
7/31/2017 5:45,0.53,North
7/31/2017 6:00,0.53,North
7/31/2017 6:15,0.53,North
7/31/2017 6:30,0.53,North
7/31/2017 6:45,0.53,North
7/31/2017 7:00,0.53,North
7/31/2017 7:15,0.53,North
7/31/2017 7:30,0.53,North
7/31/2017 7:45,0.53,North
7/31/2017 8:00,0.53,North
7/31/2017 8:15,0.53,North
7/31/2017 8:30,0.53,North
7/31/2017 8:45,0.53,North
7/31/2017 9:00,0.53,North
7/31/2017 9:15,0.53,North
7/31/2017 9:30,0.53,North
7/31/2017 9:45,0.53,North
7/31/2017 10:00,0.53,North
7/31/2017 10:15,0.53,North
7/31/2017 10:30,0.53,North
7/31/2017 10:45,0.53,North
7/31/2017 11:00,0.53,North
7/31/2017 11:15,0.53,North
7/31/2017 11:30,0.53,North
7/31/2017 11:45,0.53,North
7/31/2017 12:00,0.53,North
7/31/2017 12:15,0.53,North
7/31/2017 12:30,0.53,North
7/31/2017 12:45,0.52,North
7/31/2017 13:00,0.52,North
7/31/2017 13:15,0.52,North
7/31/2017 13:30,0.52,North
7/31/2017 13:45,0.52,North
7/31/2017 14:00,0.52,North
7/31/2017 14:15,0.52,North
7/31/2017 14:30,0.52,North
7/31/2017 14:45,0.52,North
7/31/2017 15:00,0.52,North
7/31/2017 15:15,0.52,North
7/31/2017 15:30,0.52,North
7/31/2017 15:45,0.52,North
7/31/2017 16:00,0.52,North
7/31/2017 16:15,0.52,North
7/31/2017 16:30,0.52,North
7/31/2017 16:45,0.53,North
7/31/2017 17:00,0.53,North
7/31/2017 17:15,0.53,North
7/31/2017 17:30,0.53,North
7/31/2017 17:45,0.53,North
7/31/2017 18:00,0.53,North
7/31/2017 18:15,0.53,North
7/31/2017 18:30,0.53,North
7/31/2017 18:45,0.53,North
7/31/2017 19:00,0.53,North
7/31/2017 19:15,0.53,North
7/31/2017 19:30,0.53,North
7/31/2017 19:45,0.52,North
7/31/2017 20:00,0.52,North
7/31/2017 20:15,0.52,North
7/31/2017 20:30,0.52,North
7/31/2017 20:45,0.52,North
7/31/2017 21:00,0.52,North
7/31/2017 21:15,0.52,North
7/31/2017 21:30,0.52,North
7/31/2017 21:45,0.52,North
7/31/2017 22:00,0.52,North
7/31/2017 22:15,0.52,North
7/31/2017 22:30,0.52,North
7/31/2017 22:45,0.52,North
7/31/2017 23:00,0.52,North
7/31/2017 23:15,0.52,North
7/31/2017 23:30,0.52,North
7/31/2017 23:45,0.52,North
