,,Marsh Monitoring System,Marsh Monitoring System,Marsh Monitoring System,Marsh Monitoring System,Marsh Monitoring System,Marsh Monitoring System,Marsh Monitoring System
,,Mid Point,Mid Point,Mid Point,Mid Point,Mid Point,Mid Point,Mid Point
,,00018FF7,00018FF7,00018FF7,00018FF7,00018FF7,00018FF7,EcoNet Battery
Date,Time,Temp,SpCond,Salinity,Depth,ODO Conc,ODO%,Battery
MM/dd/yyyy,HH:mm,C,mS/cm,ppt,ft,mg/L,%,V
Min,,18.06,1.661,0.83,1.197,4.07,50.3,12.14
Max,,33.37,1.984,1,1.505,9.97,122,14.18
Mean,,26.03,1.799,0.907,1.346,7.25,89.8,13.09
Median,,26.02,1.746,0.88,1.334,7.34,89.6,13.03
St.dev,,3.53,0.101,0.051,0.081,1.17,15.2,0.73
6/1/2017,0:00,24.18,1.677,0.85,1.478,8.07,96.7,12.34
6/1/2017,0:15,24.1,1.677,0.85,1.477,8.09,96.8,12.32
6/1/2017,0:30,24.04,1.677,0.85,1.475,8.08,96.5,12.31
6/1/2017,0:45,23.97,1.677,0.85,1.474,7.98,95.2,12.3
6/1/2017,1:00,23.91,1.677,0.85,1.472,7.89,94,12.31
6/1/2017,1:15,23.86,1.677,0.85,1.472,7.83,93.2,12.2
6/1/2017,1:30,23.81,1.677,0.85,1.473,7.79,92.7,12.24
6/1/2017,1:45,23.76,1.677,0.85,1.472,7.81,92.8,12.28
6/1/2017,2:00,23.72,1.678,0.85,1.47,7.68,91.2,12.25
6/1/2017,2:15,23.66,1.678,0.85,1.469,7.69,91.2,12.18
6/1/2017,2:30,23.58,1.678,0.85,1.466,7.76,91.9,12.18
6/1/2017,2:45,23.5,1.678,0.85,1.466,7.77,91.9,12.17
6/1/2017,3:00,23.4,1.677,0.85,1.464,7.85,92.7,12.18
6/1/2017,3:15,23.34,1.678,0.85,1.466,7.69,90.7,12.24
6/1/2017,3:30,23.27,1.678,0.85,1.465,7.51,88.5,12.16
6/1/2017,3:45,23.19,1.678,0.85,1.464,7.64,89.8,12.23
6/1/2017,4:00,23.11,1.677,0.85,1.463,7.5,88,12.24
6/1/2017,4:15,23,1.677,0.85,1.464,7.49,87.7,12.16
6/1/2017,4:30,22.89,1.677,0.85,1.459,7.5,87.6,12.14
6/1/2017,4:45,22.78,1.676,0.85,1.459,7.5,87.5,12.14
6/1/2017,5:00,22.68,1.676,0.85,1.457,7.41,86.2,12.18
6/1/2017,5:15,22.57,1.675,0.85,1.455,7.35,85.4,12.36
6/1/2017,5:30,22.45,1.675,0.85,1.457,7.28,84.4,12.5
6/1/2017,5:45,22.29,1.675,0.85,1.457,7.21,83.3,12.55
6/1/2017,6:00,22.2,1.674,0.85,1.458,7.09,81.7,12.88
6/1/2017,6:15,22.21,1.674,0.85,1.456,6.99,80.7,13.02
6/1/2017,6:30,22.29,1.675,0.85,1.455,7.03,81.2,13.09
6/1/2017,6:45,22.33,1.675,0.85,1.456,6.94,80.2,13.08
6/1/2017,7:00,22.36,1.675,0.85,1.458,7,81,13.16
6/1/2017,7:15,22.42,1.674,0.85,1.455,7.08,82,14.03
6/1/2017,7:30,22.51,1.675,0.85,1.454,7.22,83.7,14.02
6/1/2017,7:45,22.54,1.676,0.85,1.459,7.07,82.1,13.99
6/1/2017,8:00,22.61,1.676,0.85,1.458,7.19,83.7,13.98
6/1/2017,8:15,22.7,1.676,0.85,1.459,7.2,83.9,13.96
6/1/2017,8:30,22.74,1.676,0.85,1.457,7.11,82.9,13.94
6/1/2017,8:45,22.8,1.676,0.85,1.459,6.89,80.4,13.94
6/1/2017,9:00,22.92,1.676,0.85,1.461,6.94,81.2,13.92
6/1/2017,9:15,23.06,1.677,0.85,1.46,6.87,80.5,13.91
6/1/2017,9:30,23.36,1.676,0.85,1.462,7.12,84,13.91
6/1/2017,9:45,23.6,1.678,0.85,1.467,7.13,84.4,13.91
6/1/2017,10:00,23.97,1.677,0.85,1.467,7.71,92,13.92
6/1/2017,10:15,24.09,1.678,0.85,1.469,7.28,87,13.91
6/1/2017,10:30,24.31,1.677,0.85,1.472,7.79,93.5,13.92
6/1/2017,10:45,24.54,1.678,0.85,1.476,7.75,93.4,13.93
6/1/2017,11:00,24.82,1.676,0.84,1.476,7.8,94.5,13.92
6/1/2017,11:15,24.88,1.678,0.85,1.473,8.01,97.2,13.93
6/1/2017,11:30,25.03,1.677,0.84,1.478,7.65,93.1,13.92
6/1/2017,11:45,25.09,1.677,0.84,1.479,7.36,89.7,13.93
6/1/2017,12:00,25.18,1.677,0.84,1.479,7.54,91.9,13.91
6/1/2017,12:15,25.72,1.672,0.84,1.485,8.38,103.3,13.92
6/1/2017,12:30,25.54,1.667,0.84,1.487,8.9,109.3,13.91
6/1/2017,12:45,26.34,1.665,0.84,1.488,8.91,111.1,13.92
6/1/2017,13:00,26.85,1.661,0.83,1.489,8.99,113,13.92
6/1/2017,13:15,27.37,1.671,0.84,1.494,8.76,111.2,13.91
6/1/2017,13:30,27.7,1.668,0.84,1.497,8.53,108.9,13.88
6/1/2017,13:45,27.81,1.673,0.84,1.495,8.41,107.6,13.86
6/1/2017,14:00,27.56,1.673,0.84,1.489,9.02,114.9,13.85
6/1/2017,14:15,27.16,1.672,0.84,1.494,9.51,120.2,13.84
6/1/2017,14:30,26.97,1.673,0.84,1.493,9.34,117.7,13.82
6/1/2017,14:45,27.04,1.675,0.84,1.492,9.47,119.5,13.82
6/1/2017,15:00,27.23,1.678,0.84,1.492,9.52,120.5,13.8
6/1/2017,15:15,27.35,1.678,0.84,1.489,9.49,120.4,13.8
6/1/2017,15:30,27.38,1.678,0.84,1.492,9.61,122,13.8
6/1/2017,15:45,27.67,1.681,0.84,1.493,9.56,122,13.8
6/1/2017,16:00,27.92,1.683,0.84,1.494,9.46,121.2,13.8
6/1/2017,16:15,28.3,1.684,0.84,1.495,9.24,119.3,13.78
6/1/2017,16:30,28.36,1.687,0.85,1.499,9.22,119,13.56
6/1/2017,16:45,28.37,1.685,0.85,1.499,9.43,121.8,13.75
6/1/2017,17:00,28.47,1.685,0.84,1.502,9.2,119,13.48
6/1/2017,17:15,28.56,1.687,0.85,1.5,9.05,117.3,13.4
6/1/2017,17:30,28.63,1.688,0.85,1.501,9.03,117.2,13.4
6/1/2017,17:45,28.52,1.689,0.85,1.502,8.74,113.2,13.37
6/1/2017,18:00,28.39,1.689,0.85,1.503,8.5,109.9,13.36
6/1/2017,18:15,28.32,1.69,0.85,1.502,8.1,104.6,13.36
6/1/2017,18:30,28.26,1.691,0.85,1.505,8.04,103.7,13.3
6/1/2017,18:45,28.38,1.691,0.85,1.505,8.01,103.5,13.13
6/1/2017,19:00,28.37,1.691,0.85,1.501,8.01,103.4,12.97
6/1/2017,19:15,28.32,1.691,0.85,1.501,8.09,104.4,12.74
6/1/2017,19:30,28.24,1.691,0.85,1.5,8.2,105.7,12.49
6/1/2017,19:45,28.15,1.691,0.85,1.499,8.28,106.5,12.36
6/1/2017,20:00,28.09,1.691,0.85,1.498,8.14,104.6,12.36
6/1/2017,20:15,28.01,1.692,0.85,1.496,8.18,105,12.37
6/1/2017,20:30,27.9,1.691,0.85,1.496,8.13,104.2,12.37
6/1/2017,20:45,27.84,1.691,0.85,1.494,7.99,102.3,12.38
6/1/2017,21:00,27.77,1.692,0.85,1.494,7.86,100.5,12.38
6/1/2017,21:15,27.65,1.692,0.85,1.493,8.01,102.2,12.38
6/1/2017,21:30,27.53,1.692,0.85,1.492,7.73,98.4,12.38
6/1/2017,21:45,27.46,1.692,0.85,1.49,7.76,98.6,12.37
6/1/2017,22:00,27.39,1.692,0.85,1.489,7.67,97.4,12.37
6/1/2017,22:15,27.31,1.693,0.85,1.489,7.83,99.2,12.37
6/1/2017,22:30,27.24,1.692,0.85,1.487,7.57,95.9,12.37
6/1/2017,22:45,27.18,1.692,0.85,1.486,7.43,93.9,12.37
6/1/2017,23:00,27.04,1.692,0.85,1.485,7.6,95.9,12.37
6/1/2017,23:15,26.92,1.692,0.85,1.483,7.5,94.4,12.36
6/1/2017,23:30,26.82,1.692,0.85,1.482,7.38,92.7,12.36
6/1/2017,23:45,26.7,1.692,0.85,1.482,7.23,90.6,12.36
6/2/2017,0:00,26.61,1.691,0.85,1.48,7.28,91.2,12.35
6/2/2017,0:15,26.5,1.692,0.85,1.478,7.22,90.3,12.36
6/2/2017,0:30,26.42,1.691,0.85,1.478,7.28,90.8,12.35
6/2/2017,0:45,26.34,1.691,0.85,1.476,7.2,89.7,12.35
6/2/2017,1:00,26.22,1.691,0.85,1.475,7.21,89.6,12.35
6/2/2017,1:15,26.12,1.691,0.85,1.474,7.19,89.3,12.35
6/2/2017,1:30,26.04,1.691,0.85,1.473,7.14,88.5,12.31
6/2/2017,1:45,25.99,1.691,0.85,1.472,7.16,88.6,12.34
6/2/2017,2:00,25.99,1.691,0.85,1.472,7.15,88.6,12.31
6/2/2017,2:15,25.98,1.692,0.85,1.471,7.03,87,12.34
6/2/2017,2:30,26.02,1.692,0.85,1.471,6.87,85.1,12.32
6/2/2017,2:45,26.03,1.693,0.85,1.471,6.81,84.4,12.32
6/2/2017,3:00,25.99,1.693,0.85,1.471,6.73,83.3,12.31
6/2/2017,3:15,25.87,1.693,0.85,1.471,6.78,83.7,12.29
6/2/2017,3:30,25.77,1.693,0.85,1.47,6.79,83.8,12.23
6/2/2017,3:45,25.68,1.692,0.85,1.469,6.72,82.7,12.28
6/2/2017,4:00,25.58,1.691,0.85,1.469,6.72,82.5,12.3
6/2/2017,4:15,25.5,1.691,0.85,1.467,6.64,81.5,12.3
6/2/2017,4:30,25.42,1.69,0.85,1.467,6.58,80.6,12.29
6/2/2017,4:45,25.37,1.69,0.85,1.466,6.56,80.3,12.29
6/2/2017,5:00,25.29,1.69,0.85,1.464,6.45,78.9,12.34
6/2/2017,5:15,25.22,1.69,0.85,1.463,6.48,79.1,12.31
6/2/2017,5:30,25.16,1.69,0.85,1.463,6.4,78.1,12.49
6/2/2017,5:45,25.09,1.69,0.85,1.462,6.41,78.1,12.73
6/2/2017,6:00,25.04,1.69,0.85,1.461,6.44,78.4,13.03
6/2/2017,6:15,25,1.69,0.85,1.46,6.42,78.1,13.43
6/2/2017,6:30,24.97,1.69,0.85,1.459,6.29,76.4,14
6/2/2017,6:45,24.96,1.691,0.85,1.459,6.16,74.9,13.98
6/2/2017,7:00,25.01,1.691,0.85,1.458,6.05,73.6,13.96
6/2/2017,7:15,25.06,1.691,0.85,1.459,6.32,76.9,13.94
6/2/2017,7:30,25.13,1.692,0.85,1.46,6.38,77.8,13.92
6/2/2017,7:45,25.2,1.692,0.85,1.461,6.36,77.6,13.91
6/2/2017,8:00,25.27,1.693,0.85,1.462,6.38,78,13.91
6/2/2017,8:15,25.36,1.694,0.85,1.461,6.56,80.2,13.91
6/2/2017,8:30,25.44,1.694,0.85,1.46,6.44,78.9,13.9
6/2/2017,8:45,25.52,1.695,0.85,1.462,6.3,77.4,13.87
6/2/2017,9:00,25.61,1.695,0.85,1.462,6.7,82.4,13.87
6/2/2017,9:15,25.66,1.696,0.85,1.463,6.41,78.9,13.86
6/2/2017,9:30,25.71,1.696,0.85,1.46,6.28,77.3,13.86
6/2/2017,9:45,25.81,1.696,0.85,1.463,6.83,84.3,13.86
6/2/2017,10:00,25.95,1.697,0.85,1.465,6.89,85.3,13.86
6/2/2017,10:15,26.03,1.697,0.85,1.466,6.82,84.5,13.87
6/2/2017,10:30,26.28,1.697,0.85,1.468,6.73,83.8,13.88
6/2/2017,10:45,26.53,1.699,0.85,1.47,6.73,84.1,13.88
6/2/2017,11:00,26.83,1.699,0.85,1.472,6.71,84.4,13.9
6/2/2017,11:15,27.24,1.699,0.85,1.475,6.98,88.3,13.91
6/2/2017,11:30,27.44,1.699,0.85,1.474,7.32,93,13.9
6/2/2017,11:45,27.71,1.701,0.85,1.479,7.22,92.2,13.9
6/2/2017,12:00,27.62,1.702,0.86,1.478,7.11,90.6,13.9
6/2/2017,12:15,27.84,1.702,0.85,1.478,7.24,92.6,13.9
6/2/2017,12:30,28.12,1.703,0.85,1.48,7.49,96.3,13.88
6/2/2017,12:45,28.33,1.702,0.85,1.485,7.75,100.1,13.88
6/2/2017,13:00,28.68,1.701,0.85,1.482,7.78,101.1,13.88
6/2/2017,13:15,28.82,1.701,0.85,1.487,7.91,103,13.87
6/2/2017,13:30,28.95,1.701,0.85,1.484,7.99,104.3,13.86
6/2/2017,13:45,28.94,1.701,0.85,1.482,8.06,105.2,13.86
6/2/2017,14:00,29,1.701,0.85,1.479,8.17,106.7,13.84
6/2/2017,14:15,29.03,1.702,0.85,1.487,8.04,105.1,13.82
6/2/2017,14:30,29.06,1.702,0.85,1.483,7.82,102.3,13.82
6/2/2017,14:45,29.05,1.703,0.85,1.485,7.54,98.5,13.82
6/2/2017,15:00,29.01,1.702,0.85,1.49,7.62,99.6,13.82
6/2/2017,15:15,28.92,1.699,0.85,1.486,7.63,99.6,13.84
6/2/2017,15:30,28.86,1.696,0.85,1.481,7.67,100,13.84
6/2/2017,15:45,28.96,1.697,0.85,1.482,7.56,98.7,13.84
6/2/2017,16:00,28.99,1.697,0.85,1.482,7.54,98.5,13.84
6/2/2017,16:15,29.03,1.698,0.85,1.48,7.6,99.4,13.38
6/2/2017,16:30,29.09,1.699,0.85,1.478,7.69,100.6,13.32
6/2/2017,16:45,29.2,1.7,0.85,1.479,7.82,102.4,13.28
6/2/2017,17:00,29.3,1.701,0.85,1.482,7.92,104,13.27
6/2/2017,17:15,29.31,1.702,0.85,1.486,8.03,105.4,13.24
6/2/2017,17:30,29.3,1.703,0.85,1.484,8.01,105.1,13.21
6/2/2017,17:45,29.22,1.704,0.85,1.482,8.03,105.2,13.18
6/2/2017,18:00,29.11,1.704,0.85,1.482,7.91,103.5,13.13
6/2/2017,18:15,28.93,1.705,0.85,1.481,7.86,102.6,13.07
6/2/2017,18:30,28.78,1.704,0.85,1.481,7.76,100.9,12.98
6/2/2017,18:45,28.59,1.705,0.85,1.479,7.63,99,12.85
6/2/2017,19:00,28.45,1.705,0.86,1.476,7.65,98.9,12.68
6/2/2017,19:15,28.28,1.705,0.86,1.475,7.59,98,12.48
6/2/2017,19:30,28.11,1.706,0.86,1.473,7.5,96.5,12.35
6/2/2017,19:45,27.91,1.706,0.86,1.466,7.44,95.4,12.36
6/2/2017,20:00,27.66,1.706,0.86,1.466,7.45,95,12.37
6/2/2017,20:15,27.46,1.706,0.86,1.465,7.4,94,12.37
6/2/2017,20:30,27.38,1.705,0.86,1.462,7.47,94.8,12.38
6/2/2017,20:45,27.33,1.705,0.86,1.459,7.42,94.2,12.37
6/2/2017,21:00,27.21,1.706,0.86,1.458,7.41,93.8,12.38
6/2/2017,21:15,27.15,1.706,0.86,1.458,7.49,94.7,12.36
6/2/2017,21:30,27.07,1.707,0.86,1.456,7.42,93.7,12.37
6/2/2017,21:45,26.8,1.708,0.86,1.456,7.36,92.5,12.36
6/2/2017,22:00,26.57,1.707,0.86,1.454,7.35,91.9,12.36
6/2/2017,22:15,26.32,1.708,0.86,1.452,7.35,91.5,12.36
6/2/2017,22:30,26.02,1.707,0.86,1.449,7.28,90.1,12.36
6/2/2017,22:45,25.92,1.707,0.86,1.447,7.2,89.1,12.36
6/2/2017,23:00,25.86,1.707,0.86,1.444,7.12,87.9,12.35
6/2/2017,23:15,25.76,1.708,0.86,1.444,7.1,87.5,12.35
6/2/2017,23:30,25.6,1.708,0.86,1.444,7,86.1,12.35
6/2/2017,23:45,25.42,1.708,0.86,1.441,6.96,85.3,12.35
6/3/2017,0:00,25.24,1.708,0.86,1.44,6.9,84.3,12.34
6/3/2017,0:15,25.13,1.708,0.86,1.439,6.78,82.6,12.34
6/3/2017,0:30,25.03,1.708,0.86,1.436,6.66,81,12.35
6/3/2017,0:45,24.91,1.708,0.86,1.435,6.54,79.4,12.34
6/3/2017,1:00,24.83,1.708,0.86,1.436,6.46,78.3,12.32
6/3/2017,1:15,24.65,1.708,0.86,1.434,6.52,78.7,12.34
6/3/2017,1:30,24.57,1.707,0.86,1.433,6.48,78.2,12.32
6/3/2017,1:45,24.53,1.708,0.86,1.432,6.37,76.8,12.32
6/3/2017,2:00,24.33,1.707,0.86,1.431,6.33,76.1,12.31
6/3/2017,2:15,24.21,1.708,0.86,1.43,6.31,75.6,12.31
6/3/2017,2:30,24.09,1.707,0.86,1.43,6.33,75.7,12.31
6/3/2017,2:45,23.93,1.707,0.86,1.428,6.32,75.4,12.31
6/3/2017,3:00,23.77,1.707,0.86,1.426,6.24,74.1,12.3
6/3/2017,3:15,23.68,1.707,0.86,1.422,6.19,73.4,12.3
6/3/2017,3:30,23.56,1.707,0.86,1.418,6.13,72.6,12.3
6/3/2017,3:45,23.38,1.706,0.86,1.417,6.06,71.5,12.29
6/3/2017,4:00,23.33,1.706,0.86,1.418,6.12,72.1,12.28
6/3/2017,4:15,23.23,1.706,0.86,1.418,6.01,70.7,12.28
6/3/2017,4:30,23.09,1.706,0.86,1.416,6.04,70.9,12.24
6/3/2017,4:45,23,1.706,0.86,1.415,6.07,71.2,12.23
6/3/2017,5:00,22.88,1.706,0.86,1.414,5.99,70.1,12.34
6/3/2017,5:15,22.77,1.705,0.86,1.413,6.08,70.9,12.42
6/3/2017,5:30,22.7,1.705,0.86,1.411,6.08,70.9,12.77
6/3/2017,5:45,22.68,1.705,0.86,1.411,6.05,70.5,12.83
6/3/2017,6:00,22.66,1.705,0.86,1.409,6.05,70.4,13.14
6/3/2017,6:15,22.65,1.705,0.86,1.409,6,69.9,14.06
6/3/2017,6:30,22.65,1.705,0.86,1.41,5.94,69.1,14.05
6/3/2017,6:45,22.66,1.705,0.86,1.409,6.1,71,14.02
6/3/2017,7:00,22.68,1.705,0.86,1.408,6.23,72.6,14.02
6/3/2017,7:15,22.75,1.705,0.86,1.408,6.36,74.2,13.99
6/3/2017,7:30,22.88,1.705,0.86,1.407,6.54,76.4,13.98
6/3/2017,7:45,23,1.705,0.86,1.409,6.52,76.4,13.98
6/3/2017,8:00,23.09,1.706,0.86,1.409,6.59,77.3,13.96
6/3/2017,8:15,23.18,1.706,0.86,1.412,6.51,76.6,13.94
6/3/2017,8:30,23.28,1.706,0.86,1.409,6.43,75.7,13.93
6/3/2017,8:45,23.38,1.706,0.86,1.411,6.51,76.9,13.92
6/3/2017,9:00,23.54,1.706,0.86,1.408,6.74,79.7,13.91
6/3/2017,9:15,23.7,1.706,0.86,1.409,6.77,80.4,13.9
6/3/2017,9:30,23.82,1.707,0.86,1.409,6.85,81.5,13.88
6/3/2017,9:45,24.02,1.707,0.86,1.414,6.93,82.8,13.87
6/3/2017,10:00,24.2,1.706,0.86,1.415,7.09,85,13.87
6/3/2017,10:15,24.4,1.706,0.86,1.414,6.98,83.9,13.87
6/3/2017,10:30,24.57,1.707,0.86,1.416,7.06,85.2,13.87
6/3/2017,10:45,24.71,1.707,0.86,1.417,7.25,87.7,13.86
6/3/2017,11:00,24.91,1.707,0.86,1.42,7.23,87.8,13.86
6/3/2017,11:15,24.78,1.709,0.86,1.421,7.12,86.2,13.86
6/3/2017,11:30,24.86,1.709,0.86,1.422,7.23,87.7,13.86
6/3/2017,11:45,24.97,1.709,0.86,1.419,7.26,88.3,13.85
6/3/2017,12:00,25.41,1.712,0.86,1.43,7.41,90.8,13.85
6/3/2017,12:15,25.58,1.713,0.86,1.43,7.53,92.5,13.88
6/3/2017,12:30,25.59,1.712,0.86,1.429,7.58,93.2,13.91
6/3/2017,12:45,25.72,1.713,0.86,1.431,7.62,93.9,13.92
6/3/2017,13:00,25.9,1.714,0.86,1.431,7.67,94.8,13.91
6/3/2017,13:15,26.09,1.717,0.86,1.432,7.76,96.2,13.91
6/3/2017,13:30,26.28,1.718,0.87,1.436,7.72,96.1,13.91
6/3/2017,13:45,26.41,1.719,0.87,1.435,7.87,98.2,13.91
6/3/2017,14:00,26.57,1.72,0.87,1.436,7.77,97.3,13.91
6/3/2017,14:15,26.7,1.721,0.87,1.437,7.93,99.5,13.91
6/3/2017,14:30,26.87,1.722,0.87,1.438,8.09,101.8,13.92
6/3/2017,14:45,27,1.722,0.87,1.438,8.05,101.5,13.92
6/3/2017,15:00,27.11,1.722,0.87,1.439,8.12,102.6,13.92
6/3/2017,15:15,27.21,1.723,0.87,1.44,8.28,104.8,13.92
6/3/2017,15:30,27.3,1.723,0.87,1.44,8.32,105.5,13.92
6/3/2017,15:45,27.34,1.723,0.87,1.439,8.2,104,13.92
6/3/2017,16:00,27.39,1.724,0.87,1.439,8.1,102.9,13.91
6/3/2017,16:15,27.48,1.725,0.87,1.442,8.25,104.9,13.44
6/3/2017,16:30,27.49,1.725,0.87,1.441,8.12,103.3,13.44
6/3/2017,16:45,27.47,1.726,0.87,1.442,8.21,104.4,13.39
6/3/2017,17:00,27.46,1.726,0.87,1.441,8.19,104.1,13.37
6/3/2017,17:15,27.44,1.727,0.87,1.441,8.24,104.7,13.33
6/3/2017,17:30,27.43,1.728,0.87,1.441,8.21,104.4,13.32
6/3/2017,17:45,27.42,1.728,0.87,1.44,8.22,104.4,13.3
6/3/2017,18:00,27.37,1.729,0.87,1.44,8.16,103.6,13.2
6/3/2017,18:15,27.3,1.729,0.87,1.44,8.12,103,12.65
6/3/2017,18:30,27.23,1.73,0.87,1.44,8.24,104.3,12.56
6/3/2017,18:45,27.17,1.73,0.87,1.44,8.1,102.4,12.47
6/3/2017,19:00,27.15,1.731,0.87,1.438,7.91,100,12.4
6/3/2017,19:15,27.13,1.732,0.87,1.439,7.91,100,12.36
6/3/2017,19:30,27.07,1.732,0.87,1.438,8.06,101.8,12.37
6/3/2017,19:45,27.09,1.733,0.87,1.437,8.08,102,12.38
6/3/2017,20:00,27.06,1.733,0.87,1.436,8.11,102.4,12.38
6/3/2017,20:15,27.06,1.734,0.87,1.436,8,100.9,12.37
6/3/2017,20:30,27.01,1.734,0.87,1.436,7.97,100.6,12.35
6/3/2017,20:45,26.93,1.735,0.87,1.435,8.05,101.4,12.37
6/3/2017,21:00,26.81,1.735,0.87,1.434,8.15,102.4,12.36
6/3/2017,21:15,26.7,1.735,0.87,1.433,8,100.3,12.36
6/3/2017,21:30,26.53,1.735,0.87,1.434,8.1,101.3,12.36
6/3/2017,21:45,26.36,1.735,0.87,1.431,8.07,100.6,12.35
6/3/2017,22:00,26.19,1.735,0.87,1.429,7.89,98.1,12.35
6/3/2017,22:15,26.05,1.734,0.87,1.427,7.65,94.8,12.35
6/3/2017,22:30,25.97,1.734,0.87,1.426,7.59,93.9,12.35
6/3/2017,22:45,25.87,1.734,0.87,1.425,7.47,92.3,12.35
6/3/2017,23:00,25.77,1.733,0.87,1.422,7.44,91.7,12.34
6/3/2017,23:15,25.67,1.733,0.87,1.422,7.39,91,12.34
6/3/2017,23:30,25.59,1.732,0.87,1.421,7.32,90,12.34
6/3/2017,23:45,25.51,1.731,0.87,1.419,7.32,89.9,12.34
6/4/2017,0:00,25.44,1.732,0.87,1.418,7.29,89.4,12.32
6/4/2017,0:15,25.3,1.731,0.87,1.417,7.2,88,12.31
6/4/2017,0:30,25.27,1.731,0.87,1.417,7.27,88.8,12.31
6/4/2017,0:45,25.13,1.731,0.87,1.416,7.15,87.1,12.31
6/4/2017,1:00,25.06,1.73,0.87,1.415,7.14,86.9,12.31
6/4/2017,1:15,24.98,1.73,0.87,1.414,7.06,85.9,12.3
6/4/2017,1:30,24.89,1.73,0.87,1.412,7.08,85.9,12.3
6/4/2017,1:45,24.82,1.729,0.87,1.413,6.98,84.6,12.29
6/4/2017,2:00,24.71,1.729,0.87,1.411,6.89,83.3,12.29
6/4/2017,2:15,24.61,1.729,0.87,1.41,6.83,82.5,12.28
6/4/2017,2:30,24.54,1.729,0.87,1.41,6.67,80.4,12.28
6/4/2017,2:45,24.44,1.728,0.87,1.408,6.71,80.7,12.28
6/4/2017,3:00,24.32,1.728,0.87,1.408,6.64,79.7,12.28
6/4/2017,3:15,24.22,1.728,0.87,1.407,6.56,78.6,12.26
6/4/2017,3:30,24.12,1.727,0.87,1.405,6.45,77.1,12.26
6/4/2017,3:45,24.03,1.727,0.87,1.403,6.4,76.5,12.26
6/4/2017,4:00,23.93,1.727,0.87,1.402,6.31,75.2,12.25
6/4/2017,4:15,23.83,1.727,0.87,1.402,6.26,74.5,12.25
6/4/2017,4:30,23.72,1.726,0.87,1.401,6.12,72.7,12.24
6/4/2017,4:45,23.63,1.726,0.87,1.399,6.12,72.5,12.25
6/4/2017,5:00,23.53,1.726,0.87,1.398,6.04,71.5,12.31
6/4/2017,5:15,23.49,1.725,0.87,1.397,5.9,69.7,12.42
6/4/2017,5:30,23.43,1.725,0.87,1.396,5.93,70.1,12.66
6/4/2017,5:45,23.37,1.725,0.87,1.396,5.99,70.7,13.13
6/4/2017,6:00,23.34,1.725,0.87,1.396,5.98,70.5,13.22
6/4/2017,6:15,23.32,1.724,0.87,1.395,5.97,70.4,14.06
6/4/2017,6:30,23.3,1.725,0.87,1.395,5.97,70.3,13.32
6/4/2017,6:45,23.3,1.724,0.87,1.394,5.95,70.1,14.04
6/4/2017,7:00,23.32,1.724,0.87,1.393,5.96,70.3,14.02
6/4/2017,7:15,23.38,1.724,0.87,1.392,5.92,69.9,14
6/4/2017,7:30,23.45,1.724,0.87,1.395,6,70.8,13.99
6/4/2017,7:45,23.5,1.724,0.87,1.393,6.04,71.4,13.98
6/4/2017,8:00,23.55,1.724,0.87,1.395,6.16,72.9,13.97
6/4/2017,8:15,23.65,1.724,0.87,1.395,6.18,73.3,13.94
6/4/2017,8:30,23.79,1.724,0.87,1.395,6.2,73.7,13.93
6/4/2017,8:45,23.91,1.723,0.87,1.396,6.37,75.9,13.92
6/4/2017,9:00,24.06,1.724,0.87,1.397,6.43,76.8,13.91
6/4/2017,9:15,24.23,1.724,0.87,1.398,6.42,76.9,13.91
6/4/2017,9:30,24.38,1.724,0.87,1.402,6.51,78.2,13.9
6/4/2017,9:45,24.58,1.724,0.87,1.404,6.57,79.3,13.88
6/4/2017,10:00,24.82,1.724,0.87,1.412,6.77,82.1,13.88
6/4/2017,10:15,25.07,1.724,0.87,1.413,6.88,83.8,13.9
6/4/2017,10:30,25.27,1.724,0.87,1.417,7.08,86.5,13.91
6/4/2017,10:45,25.49,1.722,0.87,1.416,7.12,87.4,13.9
6/4/2017,11:00,25.72,1.722,0.87,1.422,7.22,88.9,13.91
6/4/2017,11:15,25.96,1.72,0.87,1.42,7.33,90.7,13.92
6/4/2017,11:30,26.16,1.72,0.87,1.423,7.41,92.1,13.92
6/4/2017,11:45,26.46,1.716,0.86,1.422,7.42,92.7,13.93
6/4/2017,12:00,26.7,1.711,0.86,1.424,7.46,93.6,13.94
6/4/2017,12:15,26.93,1.701,0.86,1.429,7.57,95.3,13.92
6/4/2017,12:30,27.13,1.705,0.86,1.429,7.71,97.5,13.92
6/4/2017,12:45,27.39,1.699,0.85,1.433,7.66,97.3,13.92
6/4/2017,13:00,27.61,1.697,0.85,1.434,7.83,99.8,13.92
6/4/2017,13:15,27.82,1.694,0.85,1.438,7.99,102.2,13.91
6/4/2017,13:30,28.06,1.693,0.85,1.441,8.23,105.8,13.91
6/4/2017,13:45,28.31,1.694,0.85,1.441,8.45,109,13.91
6/4/2017,14:00,28.53,1.695,0.85,1.442,8.58,111.2,13.9
6/4/2017,14:15,28.71,1.696,0.85,1.445,8.74,113.6,13.9
6/4/2017,14:30,28.89,1.696,0.85,1.444,8.79,114.5,13.9
6/4/2017,14:45,29.09,1.697,0.85,1.446,8.79,115,13.9
6/4/2017,15:00,29.17,1.698,0.85,1.448,8.51,111.5,13.88
6/4/2017,15:15,29.26,1.699,0.85,1.45,8.61,113,13.88
6/4/2017,15:30,29.22,1.701,0.85,1.45,8.26,108.3,13.88
6/4/2017,15:45,29.17,1.704,0.85,1.446,8.3,108.7,13.87
6/4/2017,16:00,29.23,1.704,0.85,1.448,8.49,111.4,13.87
6/4/2017,16:15,29.24,1.707,0.86,1.448,8.5,111.5,13.87
6/4/2017,16:30,29.46,1.706,0.85,1.45,8.89,117,13.87
6/4/2017,16:45,29.53,1.71,0.86,1.449,9.13,120.4,13.85
6/4/2017,17:00,29.54,1.714,0.86,1.446,9.08,119.7,13.58
6/4/2017,17:15,29.59,1.717,0.86,1.45,9.1,120.1,13.87
6/4/2017,17:30,29.56,1.719,0.86,1.446,9.06,119.5,13.33
6/4/2017,17:45,29.56,1.721,0.86,1.444,9.04,119.3,13.12
6/4/2017,18:00,29.58,1.724,0.86,1.446,8.86,116.9,12.96
6/4/2017,18:15,29.46,1.724,0.86,1.443,8.79,115.8,12.96
6/4/2017,18:30,29.4,1.723,0.86,1.449,8.67,114.1,13
6/4/2017,18:45,29.33,1.724,0.86,1.444,8.65,113.7,12.78
6/4/2017,19:00,29.35,1.724,0.86,1.442,8.4,110.4,12.55
6/4/2017,19:15,28.99,1.724,0.86,1.439,8.18,106.9,12.35
6/4/2017,19:30,28.81,1.723,0.86,1.436,8.16,106.2,12.38
6/4/2017,19:45,28.56,1.723,0.86,1.434,8.14,105.5,12.4
6/4/2017,20:00,28.35,1.722,0.86,1.431,8.07,104.3,12.4
6/4/2017,20:15,28.18,1.722,0.86,1.428,8.07,103.9,12.38
6/4/2017,20:30,28,1.722,0.86,1.425,8.01,102.9,12.4
6/4/2017,20:45,27.8,1.721,0.86,1.424,7.99,102.2,12.36
6/4/2017,21:00,27.67,1.722,0.87,1.422,7.85,100.2,12.38
6/4/2017,21:15,27.54,1.721,0.87,1.42,7.78,99.1,12.38
6/4/2017,21:30,27.44,1.722,0.87,1.419,7.75,98.5,12.38
6/4/2017,21:45,27.34,1.722,0.87,1.417,7.66,97.1,12.38
6/4/2017,22:00,27.24,1.723,0.87,1.416,7.53,95.4,12.35
6/4/2017,22:15,27.15,1.723,0.87,1.415,7.44,94,12.36
6/4/2017,22:30,27.06,1.723,0.87,1.414,7.43,93.8,12.37
6/4/2017,22:45,26.98,1.724,0.87,1.414,7.35,92.6,12.36
6/4/2017,23:00,26.88,1.724,0.87,1.412,7.18,90.4,12.36
6/4/2017,23:15,26.81,1.724,0.87,1.411,7.25,91.1,12.36
6/4/2017,23:30,26.72,1.724,0.87,1.41,7.15,89.7,12.36
6/4/2017,23:45,26.61,1.725,0.87,1.41,7.1,88.9,12.36
6/5/2017,0:00,26.55,1.725,0.87,1.408,7.04,88,12.35
6/5/2017,0:15,26.47,1.725,0.87,1.405,7.01,87.6,12.35
6/5/2017,0:30,26.37,1.726,0.87,1.407,6.9,86.1,12.35
6/5/2017,0:45,26.27,1.726,0.87,1.403,6.91,86,12.34
6/5/2017,1:00,26.17,1.726,0.87,1.403,6.8,84.5,12.34
6/5/2017,1:15,26.06,1.726,0.87,1.401,6.75,83.7,12.34
6/5/2017,1:30,26.03,1.726,0.87,1.4,6.56,81.3,12.34
6/5/2017,1:45,25.97,1.727,0.87,1.401,6.63,82,12.34
6/5/2017,2:00,25.88,1.728,0.87,1.397,6.59,81.5,12.32
6/5/2017,2:15,25.8,1.728,0.87,1.397,6.55,80.8,12.32
6/5/2017,2:30,25.71,1.727,0.87,1.396,6.5,80.1,12.31
6/5/2017,2:45,25.66,1.728,0.87,1.394,6.43,79.2,12.31
6/5/2017,3:00,25.58,1.728,0.87,1.394,6.43,79,12.31
6/5/2017,3:15,25.46,1.729,0.87,1.393,6.4,78.5,12.31
6/5/2017,3:30,25.34,1.729,0.87,1.393,6.39,78.1,12.3
6/5/2017,3:45,25.24,1.729,0.87,1.391,6.33,77.4,12.3
6/5/2017,4:00,25.16,1.729,0.87,1.386,6.17,75.2,12.3
6/5/2017,4:15,25.14,1.73,0.87,1.388,6.07,74,12.3
6/5/2017,4:30,25.1,1.731,0.87,1.389,6.02,73.4,12.28
6/5/2017,4:45,24.99,1.731,0.87,1.387,5.98,72.7,12.28
6/5/2017,5:00,24.9,1.731,0.87,1.386,5.97,72.4,12.31
6/5/2017,5:15,24.83,1.731,0.87,1.386,5.89,71.5,12.31
6/5/2017,5:30,24.76,1.732,0.87,1.383,5.88,71.1,12.32
6/5/2017,5:45,24.68,1.732,0.87,1.383,5.89,71.2,12.35
6/5/2017,6:00,24.64,1.732,0.87,1.382,5.85,70.7,12.38
6/5/2017,6:15,24.58,1.733,0.87,1.382,5.85,70.6,12.44
6/5/2017,6:30,24.52,1.733,0.88,1.377,5.83,70.3,12.4
6/5/2017,6:45,24.46,1.733,0.88,1.379,5.78,69.6,12.41
6/5/2017,7:00,24.42,1.734,0.88,1.378,5.82,70.1,12.46
6/5/2017,7:15,24.36,1.734,0.88,1.377,5.82,70,12.59
6/5/2017,7:30,24.32,1.734,0.88,1.376,5.81,69.8,12.59
6/5/2017,7:45,24.28,1.735,0.88,1.375,5.71,68.5,12.59
6/5/2017,8:00,24.21,1.735,0.88,1.381,5.63,67.4,12.55
6/5/2017,8:15,24.15,1.735,0.88,1.379,5.62,67.3,12.67
6/5/2017,8:30,24.13,1.736,0.88,1.38,5.65,67.6,12.72
6/5/2017,8:45,24.11,1.736,0.88,1.378,5.65,67.6,12.8
6/5/2017,9:00,24.11,1.736,0.88,1.379,5.6,67,12.91
6/5/2017,9:15,24.12,1.737,0.88,1.378,5.64,67.5,13.13
6/5/2017,9:30,24.15,1.737,0.88,1.379,5.77,69.1,13.16
6/5/2017,9:45,24.19,1.738,0.88,1.384,5.83,69.9,13.08
6/5/2017,10:00,24.24,1.738,0.88,1.383,5.97,71.5,13.04
6/5/2017,10:15,24.27,1.739,0.88,1.387,6.16,73.9,13.02
6/5/2017,10:30,24.26,1.739,0.88,1.389,6.1,73.2,13.13
6/5/2017,10:45,24.25,1.739,0.88,1.388,6.12,73.4,13.18
6/5/2017,11:00,24.25,1.74,0.88,1.388,6.07,72.8,13.01
6/5/2017,11:15,24.24,1.74,0.88,1.388,6.11,73.3,12.82
6/5/2017,11:30,24.2,1.74,0.88,1.39,6.22,74.5,13.49
6/5/2017,11:45,24.21,1.74,0.88,1.392,6.3,75.5,14.02
6/5/2017,12:00,24.22,1.74,0.88,1.39,6.34,76,13.43
6/5/2017,12:15,24.26,1.741,0.88,1.392,6.4,76.7,13.99
6/5/2017,12:30,24.31,1.741,0.88,1.393,6.39,76.7,13.56
6/5/2017,12:45,24.34,1.742,0.88,1.393,6.41,77.1,13.68
6/5/2017,13:00,24.36,1.742,0.88,1.393,6.48,77.9,14.02
6/5/2017,13:15,24.39,1.743,0.88,1.395,6.27,75.4,14
6/5/2017,13:30,24.42,1.743,0.88,1.395,6.48,78,14
6/5/2017,13:45,24.46,1.743,0.88,1.394,6.5,78.2,14.02
6/5/2017,14:00,24.47,1.744,0.88,1.395,6.35,76.5,14
6/5/2017,14:15,24.43,1.744,0.88,1.398,6.38,76.8,13.99
6/5/2017,14:30,24.58,1.744,0.88,1.398,6.5,78.5,13.99
6/5/2017,14:45,24.61,1.745,0.88,1.398,6.69,80.8,13.99
6/5/2017,15:00,24.61,1.745,0.88,1.396,6.68,80.6,13.99
6/5/2017,15:15,24.63,1.745,0.88,1.397,6.8,82.1,13.98
6/5/2017,15:30,24.67,1.745,0.88,1.397,6.61,79.9,13.98
6/5/2017,15:45,24.73,1.746,0.88,1.397,6.81,82.4,13.98
6/5/2017,16:00,24.77,1.746,0.88,1.398,6.97,84.4,13.98
6/5/2017,16:15,24.78,1.747,0.88,1.398,7.01,85,13.97
6/5/2017,16:30,24.77,1.747,0.88,1.399,7.1,86,13.98
6/5/2017,16:45,24.77,1.747,0.88,1.399,7.11,86.1,13.98
6/5/2017,17:00,24.77,1.748,0.88,1.398,6.96,84.3,13.98
6/5/2017,17:15,24.76,1.748,0.88,1.399,6.97,84.5,13.54
6/5/2017,17:30,24.77,1.748,0.88,1.398,7.1,86,13.92
6/5/2017,17:45,24.78,1.748,0.88,1.398,7.05,85.3,13.39
6/5/2017,18:00,24.77,1.749,0.88,1.399,7,84.8,13.34
6/5/2017,18:15,24.74,1.749,0.88,1.399,7.12,86.1,13.28
6/5/2017,18:30,24.73,1.749,0.88,1.398,7.12,86.2,13.09
6/5/2017,18:45,24.71,1.749,0.88,1.397,7.2,87.1,12.86
6/5/2017,19:00,24.7,1.749,0.88,1.396,7.12,86.1,12.59
6/5/2017,19:15,24.65,1.749,0.88,1.396,7.2,87,12.4
6/5/2017,19:30,24.62,1.749,0.88,1.396,7.13,86.1,12.35
6/5/2017,19:45,24.58,1.749,0.88,1.396,7.07,85.3,12.36
6/5/2017,20:00,24.53,1.749,0.88,1.395,7.01,84.5,12.37
6/5/2017,20:15,24.5,1.749,0.88,1.395,6.91,83.3,12.36
6/5/2017,20:30,24.46,1.749,0.88,1.395,6.84,82.3,12.36
6/5/2017,20:45,24.42,1.749,0.88,1.394,6.88,82.7,12.37
6/5/2017,21:00,24.37,1.749,0.88,1.394,6.79,81.6,12.36
6/5/2017,21:15,24.33,1.749,0.88,1.394,6.76,81.2,12.36
6/5/2017,21:30,24.28,1.749,0.88,1.393,6.49,77.9,12.36
6/5/2017,21:45,24.21,1.75,0.88,1.392,6.65,79.7,12.36
6/5/2017,22:00,24.18,1.749,0.88,1.392,6.58,78.8,12.36
6/5/2017,22:15,24.15,1.749,0.88,1.391,6.65,79.6,12.36
6/5/2017,22:30,24.12,1.749,0.88,1.391,6.54,78.3,12.36
6/5/2017,22:45,24.08,1.749,0.88,1.39,6.49,77.7,12.35
6/5/2017,23:00,24.04,1.749,0.88,1.391,6.46,77.2,12.35
6/5/2017,23:15,23.98,1.749,0.88,1.389,6.55,78.1,12.34
6/5/2017,23:30,23.92,1.749,0.88,1.389,6.62,78.9,12.34
6/5/2017,23:45,23.85,1.749,0.88,1.388,6.63,78.9,12.34
6/6/2017,0:00,23.79,1.749,0.88,1.387,6.61,78.6,12.34
6/6/2017,0:15,23.74,1.748,0.88,1.387,6.48,77,12.34
6/6/2017,0:30,23.67,1.748,0.88,1.386,6.47,76.8,12.34
6/6/2017,0:45,23.61,1.748,0.88,1.386,6.42,76.1,12.34
6/6/2017,1:00,23.55,1.748,0.88,1.386,6.32,74.8,12.32
6/6/2017,1:15,23.47,1.748,0.88,1.384,6.44,76.2,12.31
6/6/2017,1:30,23.41,1.748,0.88,1.384,6.35,75,12.32
6/6/2017,1:45,23.34,1.748,0.88,1.383,6.31,74.4,12.31
6/6/2017,2:00,23.29,1.747,0.88,1.382,6.2,73,12.31
6/6/2017,2:15,23.23,1.747,0.88,1.382,6.24,73.4,12.31
6/6/2017,2:30,23.19,1.747,0.88,1.382,6.28,73.8,12.31
6/6/2017,2:45,23.14,1.748,0.88,1.382,6.16,72.4,12.3
6/6/2017,3:00,23.08,1.748,0.88,1.381,6.18,72.6,12.3
6/6/2017,3:15,23.02,1.748,0.88,1.38,6.17,72.3,12.3
6/6/2017,3:30,22.98,1.748,0.88,1.38,6.04,70.7,12.3
6/6/2017,3:45,22.96,1.748,0.88,1.38,6.13,71.8,12.29
6/6/2017,4:00,22.95,1.748,0.88,1.377,6.08,71.2,12.29
6/6/2017,4:15,22.9,1.748,0.88,1.377,6.13,71.6,12.29
6/6/2017,4:30,22.86,1.748,0.88,1.376,6.05,70.7,12.28
6/6/2017,4:45,22.78,1.747,0.88,1.376,5.93,69.2,12.28
6/6/2017,5:00,22.67,1.747,0.88,1.373,6.02,70.1,12.32
6/6/2017,5:15,22.58,1.746,0.88,1.375,5.98,69.5,12.36
6/6/2017,5:30,22.54,1.746,0.88,1.375,5.76,66.9,12.58
6/6/2017,5:45,22.5,1.746,0.88,1.371,5.89,68.4,12.74
6/6/2017,6:00,22.45,1.746,0.88,1.372,6.01,69.7,12.83
6/6/2017,6:15,22.4,1.746,0.88,1.369,5.96,69.1,12.98
6/6/2017,6:30,22.36,1.745,0.88,1.369,6.07,70.2,13.25
6/6/2017,6:45,22.35,1.745,0.88,1.367,6.11,70.7,14.04
6/6/2017,7:00,22.38,1.745,0.88,1.369,6.24,72.3,14.03
6/6/2017,7:15,22.4,1.745,0.88,1.37,6.43,74.4,14.02
6/6/2017,7:30,22.43,1.745,0.88,1.368,6.52,75.6,14.02
6/6/2017,7:45,22.53,1.744,0.88,1.37,6.76,78.5,13.99
6/6/2017,8:00,22.65,1.743,0.88,1.369,6.83,79.5,13.98
6/6/2017,8:15,22.8,1.742,0.88,1.37,6.98,81.5,13.97
6/6/2017,8:30,22.9,1.742,0.88,1.372,7.02,82.1,13.94
6/6/2017,8:45,23.07,1.742,0.88,1.374,7.12,83.6,13.94
6/6/2017,9:00,23.29,1.742,0.88,1.376,7.17,84.5,13.93
6/6/2017,9:15,23.47,1.743,0.88,1.378,7.21,85.2,13.94
6/6/2017,9:30,23.71,1.743,0.88,1.38,7.37,87.5,13.93
6/6/2017,9:45,23.84,1.743,0.88,1.377,7.4,88.1,13.94
6/6/2017,10:00,24.04,1.743,0.88,1.373,7.47,89.2,13.93
6/6/2017,10:15,24.22,1.744,0.88,1.382,7.61,91.2,13.93
6/6/2017,10:30,24.37,1.744,0.88,1.382,7.64,91.9,13.93
6/6/2017,10:45,24.53,1.744,0.88,1.388,7.62,91.9,13.94
6/6/2017,11:00,24.64,1.744,0.88,1.387,7.63,92.2,13.94
6/6/2017,11:15,24.71,1.744,0.88,1.388,7.68,93,13.94
6/6/2017,11:30,24.88,1.744,0.88,1.389,7.63,92.5,13.96
6/6/2017,11:45,25.03,1.745,0.88,1.389,7.61,92.6,13.96
6/6/2017,12:00,25.2,1.746,0.88,1.391,7.64,93.2,13.96
6/6/2017,12:15,25.33,1.746,0.88,1.393,7.72,94.4,13.96
6/6/2017,12:30,25.48,1.746,0.88,1.387,7.91,97.1,13.94
6/6/2017,12:45,25.6,1.747,0.88,1.39,8.02,98.6,13.94
6/6/2017,13:00,25.74,1.748,0.88,1.391,8.08,99.6,13.94
6/6/2017,13:15,25.82,1.748,0.88,1.394,8.21,101.4,13.93
6/6/2017,13:30,25.92,1.748,0.88,1.391,8.28,102.4,13.92
6/6/2017,13:45,26.03,1.749,0.88,1.399,8.41,104.2,13.92
6/6/2017,14:00,26.15,1.749,0.88,1.396,8.55,106.2,13.91
6/6/2017,14:15,26.29,1.748,0.88,1.401,8.63,107.4,13.91
6/6/2017,14:30,26.41,1.749,0.88,1.398,8.62,107.5,13.9
6/6/2017,14:45,26.56,1.749,0.88,1.401,8.73,109.2,13.9
6/6/2017,15:00,26.65,1.748,0.88,1.4,8.77,109.9,13.9
6/6/2017,15:15,26.73,1.748,0.88,1.401,8.84,110.9,13.9
6/6/2017,15:30,26.73,1.748,0.88,1.402,8.8,110.5,13.9
6/6/2017,15:45,26.79,1.748,0.88,1.404,8.73,109.7,13.9
6/6/2017,16:00,26.79,1.748,0.88,1.402,8.69,109.2,13.91
6/6/2017,16:15,26.81,1.748,0.88,1.403,8.82,110.8,13.91
6/6/2017,16:30,26.9,1.748,0.88,1.402,9.02,113.5,13.91
6/6/2017,16:45,27,1.748,0.88,1.403,9.01,113.6,13.9
6/6/2017,17:00,27.06,1.748,0.88,1.403,9.02,113.8,13.76
6/6/2017,17:15,27.05,1.748,0.88,1.404,9,113.5,13.54
6/6/2017,17:30,26.98,1.748,0.88,1.4,8.96,112.9,13.46
6/6/2017,17:45,26.98,1.748,0.88,1.401,8.86,111.7,13.3
6/6/2017,18:00,26.91,1.748,0.88,1.4,8.87,111.6,13.26
6/6/2017,18:15,26.93,1.747,0.88,1.401,8.82,111,13.16
6/6/2017,18:30,26.91,1.747,0.88,1.401,8.62,108.6,13.08
6/6/2017,18:45,26.84,1.747,0.88,1.4,8.75,110.1,13.03
6/6/2017,19:00,26.74,1.747,0.88,1.399,8.75,109.8,12.88
6/6/2017,19:15,26.68,1.746,0.88,1.399,8.99,112.7,12.65
6/6/2017,19:30,26.65,1.746,0.88,1.398,8.89,111.4,12.43
6/6/2017,19:45,26.63,1.746,0.88,1.397,8.89,111.3,12.35
6/6/2017,20:00,26.58,1.746,0.88,1.397,8.94,111.9,12.35
6/6/2017,20:15,26.51,1.746,0.88,1.396,8.85,110.7,12.36
6/6/2017,20:30,26.43,1.746,0.88,1.395,8.75,109.2,12.36
6/6/2017,20:45,26.34,1.746,0.88,1.393,8.78,109.5,12.37
6/6/2017,21:00,26.27,1.746,0.88,1.391,8.63,107.3,12.36
6/6/2017,21:15,26.2,1.745,0.88,1.39,8.56,106.4,12.36
6/6/2017,21:30,26.09,1.745,0.88,1.388,8.48,105.2,12.36
6/6/2017,21:45,25.91,1.745,0.88,1.387,8.34,103.1,12.36
6/6/2017,22:00,25.73,1.745,0.88,1.385,8.22,101.3,12.36
6/6/2017,22:15,25.5,1.744,0.88,1.383,8.2,100.6,12.35
6/6/2017,22:30,25.29,1.744,0.88,1.379,8.06,98.6,12.35
6/6/2017,22:45,25.09,1.744,0.88,1.382,7.94,96.7,12.35
6/6/2017,23:00,24.93,1.743,0.88,1.379,7.87,95.6,12.35
6/6/2017,23:15,24.84,1.744,0.88,1.381,7.81,94.7,12.35
6/6/2017,23:30,24.7,1.743,0.88,1.379,7.76,93.9,12.34
6/6/2017,23:45,24.67,1.743,0.88,1.378,7.71,93.2,12.34
6/7/2017,0:00,24.65,1.744,0.88,1.377,7.76,93.8,12.34
6/7/2017,0:15,24.55,1.744,0.88,1.378,7.77,93.7,12.34
6/7/2017,0:30,24.52,1.743,0.88,1.378,7.78,93.8,12.34
6/7/2017,0:45,24.45,1.744,0.88,1.377,7.78,93.7,12.31
6/7/2017,1:00,24.4,1.742,0.88,1.376,7.64,91.9,12.31
6/7/2017,1:15,24.28,1.742,0.88,1.374,7.66,91.9,12.31
6/7/2017,1:30,24.2,1.741,0.88,1.374,7.58,90.8,12.31
6/7/2017,1:45,24.04,1.741,0.88,1.374,7.57,90.4,12.31
6/7/2017,2:00,23.96,1.739,0.88,1.373,7.57,90.3,12.3
6/7/2017,2:15,23.74,1.737,0.88,1.371,7.54,89.6,12.3
6/7/2017,2:30,23.55,1.736,0.88,1.37,7.48,88.5,12.3
6/7/2017,2:45,23.41,1.735,0.88,1.368,7.4,87.4,12.3
6/7/2017,3:00,23.27,1.734,0.88,1.366,7.29,85.9,12.3
6/7/2017,3:15,23.15,1.733,0.88,1.365,7.21,84.8,12.29
6/7/2017,3:30,23.02,1.732,0.88,1.364,7.18,84.1,12.29
6/7/2017,3:45,22.97,1.73,0.88,1.364,7.03,82.3,12.28
6/7/2017,4:00,22.77,1.729,0.88,1.362,6.98,81.4,12.28
6/7/2017,4:15,22.74,1.728,0.87,1.36,6.88,80.2,12.28
6/7/2017,4:30,22.59,1.727,0.87,1.362,6.86,79.7,12.28
6/7/2017,4:45,22.53,1.726,0.87,1.359,6.75,78.4,12.26
6/7/2017,5:00,22.39,1.726,0.87,1.357,6.75,78.2,12.25
6/7/2017,5:15,22.34,1.725,0.87,1.356,6.59,76.2,12.25
6/7/2017,5:30,22.28,1.724,0.87,1.356,6.54,75.6,12.26
6/7/2017,5:45,22.12,1.724,0.87,1.355,6.57,75.7,12.25
6/7/2017,6:00,21.97,1.722,0.87,1.358,6.56,75.3,12.28
6/7/2017,6:15,21.82,1.72,0.87,1.356,6.61,75.7,12.34
6/7/2017,6:30,21.72,1.719,0.87,1.355,6.69,76.5,12.55
6/7/2017,6:45,21.55,1.717,0.87,1.353,6.68,76.1,12.74
6/7/2017,7:00,21.46,1.715,0.87,1.352,6.76,76.9,13.01
6/7/2017,7:15,21.39,1.715,0.87,1.348,6.91,78.5,14.18
6/7/2017,7:30,21.4,1.715,0.87,1.346,7.02,79.7,14.15
6/7/2017,7:45,21.37,1.715,0.87,1.349,7.09,80.5,14.14
6/7/2017,8:00,21.42,1.715,0.87,1.347,7.2,81.8,14.11
6/7/2017,8:15,21.48,1.715,0.87,1.345,7.24,82.4,14.11
6/7/2017,8:30,21.59,1.716,0.87,1.346,7.29,83.2,14.1
6/7/2017,8:45,21.64,1.716,0.87,1.347,7.3,83.4,14.09
6/7/2017,9:00,21.63,1.715,0.87,1.344,7.34,83.8,14.1
6/7/2017,9:15,21.64,1.714,0.87,1.345,7.18,82,14.1
6/7/2017,9:30,21.7,1.713,0.87,1.345,7.16,81.8,14.1
6/7/2017,9:45,21.76,1.712,0.87,1.345,7.04,80.6,14.11
6/7/2017,10:00,21.79,1.712,0.87,1.343,7.03,80.5,14.11
6/7/2017,10:15,21.83,1.711,0.87,1.346,7.2,82.5,14.11
6/7/2017,10:30,21.82,1.711,0.87,1.343,7.19,82.4,14.11
6/7/2017,10:45,21.81,1.71,0.87,1.345,7.45,85.3,14.11
6/7/2017,11:00,21.79,1.71,0.87,1.346,7.52,86.1,14.11
6/7/2017,11:15,21.75,1.71,0.87,1.345,7.47,85.4,14.11
6/7/2017,11:30,21.75,1.709,0.87,1.345,7.59,86.8,14.1
6/7/2017,11:45,21.78,1.708,0.87,1.343,7.62,87.2,14.11
6/7/2017,12:00,21.84,1.709,0.87,1.343,7.61,87.3,14.1
6/7/2017,12:15,21.92,1.709,0.87,1.342,7.59,87.1,14.09
6/7/2017,12:30,22.01,1.708,0.86,1.343,7.77,89.4,14.08
6/7/2017,12:45,22.15,1.709,0.86,1.342,8.01,92.3,14.08
6/7/2017,13:00,22.34,1.709,0.86,1.344,7.91,91.5,14.06
6/7/2017,13:15,22.56,1.71,0.87,1.347,7.97,92.6,14.06
6/7/2017,13:30,22.63,1.71,0.87,1.348,8.13,94.5,13.45
6/7/2017,13:45,22.56,1.71,0.87,1.349,8.12,94.4,13.37
6/7/2017,14:00,22.52,1.71,0.87,1.347,7.99,92.8,14.08
6/7/2017,14:15,22.48,1.71,0.87,1.348,8.07,93.7,14.08
6/7/2017,14:30,22.47,1.71,0.87,1.348,8.03,93.1,14.08
6/7/2017,14:45,22.53,1.71,0.87,1.348,8.1,94,14.08
6/7/2017,15:00,22.52,1.71,0.87,1.349,8.08,93.8,14.06
6/7/2017,15:15,22.57,1.71,0.86,1.35,8.31,96.6,14.06
6/7/2017,15:30,22.63,1.71,0.86,1.35,8.46,98.5,14.06
6/7/2017,15:45,22.63,1.71,0.86,1.349,8.54,99.3,14.06
6/7/2017,16:00,22.61,1.709,0.86,1.351,8.76,101.8,14.06
6/7/2017,16:15,22.57,1.709,0.86,1.35,8.67,100.7,14.06
6/7/2017,16:30,22.55,1.709,0.86,1.352,8.78,102,14.06
6/7/2017,16:45,22.52,1.709,0.86,1.351,8.9,103.3,14.06
6/7/2017,17:00,22.51,1.71,0.87,1.35,8.89,103.2,14.06
6/7/2017,17:15,22.47,1.71,0.87,1.349,8.97,104.1,14.08
6/7/2017,17:30,22.42,1.711,0.87,1.348,8.96,103.8,13.51
6/7/2017,17:45,22.36,1.712,0.87,1.348,8.97,103.8,13.5
6/7/2017,18:00,22.28,1.712,0.87,1.349,8.98,103.7,13.42
6/7/2017,18:15,22.23,1.712,0.87,1.346,8.94,103.2,13.24
6/7/2017,18:30,22.15,1.713,0.87,1.345,8.78,101.2,13.01
6/7/2017,18:45,22.06,1.714,0.87,1.345,8.74,100.5,12.84
6/7/2017,19:00,21.99,1.714,0.87,1.344,8.74,100.4,12.65
6/7/2017,19:15,21.9,1.714,0.87,1.342,8.76,100.5,12.44
6/7/2017,19:30,21.82,1.715,0.87,1.341,8.78,100.6,12.35
6/7/2017,19:45,21.75,1.715,0.87,1.34,8.69,99.4,12.35
6/7/2017,20:00,21.66,1.715,0.87,1.34,8.65,98.7,12.36
6/7/2017,20:15,21.59,1.716,0.87,1.338,8.63,98.4,12.36
6/7/2017,20:30,21.51,1.717,0.87,1.338,8.61,98,12.36
6/7/2017,20:45,21.4,1.717,0.87,1.336,8.53,96.9,12.36
6/7/2017,21:00,21.31,1.718,0.87,1.336,8.51,96.5,12.36
6/7/2017,21:15,21.19,1.718,0.87,1.335,8.44,95.5,12.36
6/7/2017,21:30,21.03,1.719,0.87,1.334,8.4,94.8,12.36
6/7/2017,21:45,20.94,1.719,0.87,1.333,8.38,94.4,12.35
6/7/2017,22:00,20.73,1.719,0.87,1.332,8.55,95.8,12.35
6/7/2017,22:15,20.54,1.719,0.87,1.329,8.56,95.6,12.35
6/7/2017,22:30,20.36,1.719,0.87,1.327,8.45,94.1,12.35
6/7/2017,22:45,20.21,1.719,0.87,1.325,8.39,93.1,12.35
6/7/2017,23:00,20.08,1.719,0.87,1.324,8.31,92,12.34
6/7/2017,23:15,20.02,1.719,0.87,1.323,8.31,91.9,12.34
6/7/2017,23:30,19.93,1.72,0.87,1.322,8.26,91.2,12.34
6/7/2017,23:45,19.81,1.72,0.87,1.322,8.24,90.7,12.32
6/8/2017,0:00,19.72,1.72,0.87,1.321,8.21,90.2,12.31
6/8/2017,0:15,19.63,1.72,0.87,1.319,8.21,90,12.32
6/8/2017,0:30,19.56,1.72,0.87,1.318,8.17,89.5,12.31
6/8/2017,0:45,19.54,1.72,0.87,1.318,8.09,88.6,12.31
6/8/2017,1:00,19.45,1.721,0.87,1.318,8.04,87.9,12.31
6/8/2017,1:15,19.36,1.721,0.87,1.318,7.89,86.1,12.31
6/8/2017,1:30,19.3,1.721,0.87,1.318,7.83,85.4,12.3
6/8/2017,1:45,19.24,1.721,0.87,1.316,7.79,84.8,12.3
6/8/2017,2:00,19.2,1.722,0.87,1.316,7.73,84.1,12.3
6/8/2017,2:15,19.18,1.722,0.87,1.315,7.79,84.7,12.3
6/8/2017,2:30,19.16,1.723,0.87,1.315,7.67,83.3,12.29
6/8/2017,2:45,19.12,1.723,0.88,1.315,7.69,83.6,12.3
6/8/2017,3:00,19.05,1.724,0.88,1.315,7.65,82.9,12.29
6/8/2017,3:15,19.01,1.724,0.88,1.315,7.35,79.6,12.28
6/8/2017,3:30,18.9,1.724,0.88,1.314,7.22,78.1,12.28
6/8/2017,3:45,18.82,1.724,0.88,1.314,7.21,77.8,12.28
6/8/2017,4:00,18.7,1.724,0.88,1.313,7.13,76.8,12.26
6/8/2017,4:15,18.63,1.723,0.88,1.312,7.11,76.5,12.26
6/8/2017,4:30,18.52,1.723,0.88,1.312,7.09,76.1,12.25
6/8/2017,4:45,18.43,1.722,0.88,1.311,7.08,75.8,12.28
6/8/2017,5:00,18.36,1.722,0.88,1.308,7.05,75.4,12.37
6/8/2017,5:15,18.29,1.721,0.88,1.309,7.13,76.1,12.67
6/8/2017,5:30,18.24,1.722,0.88,1.308,7.08,75.5,12.98
6/8/2017,5:45,18.18,1.721,0.88,1.306,7.1,75.6,13.04
6/8/2017,6:00,18.14,1.721,0.88,1.307,7.07,75.3,13.1
6/8/2017,6:15,18.12,1.721,0.88,1.307,6.99,74.4,13
6/8/2017,6:30,18.09,1.721,0.87,1.306,7.04,74.9,13.18
6/8/2017,6:45,18.08,1.721,0.88,1.307,7.15,76,13.33
6/8/2017,7:00,18.07,1.721,0.88,1.307,7.18,76.3,13.58
6/8/2017,7:15,18.06,1.721,0.88,1.305,7.13,75.8,14.15
6/8/2017,7:30,18.08,1.721,0.88,1.305,7.43,79,14.15
6/8/2017,7:45,18.1,1.722,0.88,1.305,7.33,78,14.14
6/8/2017,8:00,18.13,1.722,0.88,1.303,7.33,78,14.14
6/8/2017,8:15,18.18,1.722,0.88,1.306,7.36,78.4,14.12
6/8/2017,8:30,18.22,1.722,0.88,1.305,7.33,78.2,14.14
6/8/2017,8:45,18.25,1.723,0.88,1.305,7.48,79.8,14.14
6/8/2017,9:00,18.29,1.723,0.88,1.304,7.6,81.2,14.11
6/8/2017,9:15,18.33,1.723,0.88,1.304,7.62,81.4,14.11
6/8/2017,9:30,18.42,1.723,0.88,1.304,7.71,82.5,14.11
6/8/2017,9:45,18.48,1.723,0.88,1.303,7.74,83,14.11
6/8/2017,10:00,18.59,1.723,0.88,1.304,7.77,83.4,14.1
6/8/2017,10:15,18.64,1.724,0.88,1.306,7.76,83.5,14.1
6/8/2017,10:30,18.7,1.724,0.88,1.306,7.81,84.1,14.1
6/8/2017,10:45,18.75,1.724,0.88,1.305,7.89,85.1,14.1
6/8/2017,11:00,18.83,1.725,0.88,1.307,8.06,87,14.1
6/8/2017,11:15,18.92,1.725,0.88,1.308,8.37,90.5,14.08
6/8/2017,11:30,18.99,1.726,0.88,1.308,8.48,91.8,14.08
6/8/2017,11:45,19.08,1.725,0.88,1.309,8.76,95,14.06
6/8/2017,12:00,19.3,1.726,0.88,1.31,8.83,96.2,14.06
6/8/2017,12:15,19.53,1.727,0.88,1.311,8.96,98.1,14.06
6/8/2017,12:30,19.72,1.727,0.88,1.313,9.03,99.3,14.05
6/8/2017,12:45,19.88,1.728,0.88,1.315,9.06,99.9,14.04
6/8/2017,13:00,20.08,1.729,0.88,1.318,9.26,102.5,14.05
6/8/2017,13:15,20.22,1.73,0.88,1.317,9.35,103.8,14.05
6/8/2017,13:30,20.35,1.73,0.88,1.318,9.39,104.6,14.05
6/8/2017,13:45,20.52,1.731,0.88,1.32,9.38,104.8,14.04
6/8/2017,14:00,20.66,1.731,0.88,1.322,9.45,105.9,14.05
6/8/2017,14:15,20.81,1.732,0.88,1.321,9.63,108.2,14.03
6/8/2017,14:30,20.98,1.733,0.88,1.323,9.63,108.5,14.03
6/8/2017,14:45,21.15,1.734,0.88,1.323,9.61,108.7,14.03
6/8/2017,15:00,21.38,1.735,0.88,1.325,9.85,111.9,14.03
6/8/2017,15:15,21.63,1.736,0.88,1.326,9.91,113.1,14.03
6/8/2017,15:30,21.81,1.737,0.88,1.327,9.96,114,14.03
6/8/2017,15:45,21.95,1.739,0.88,1.328,9.97,114.5,14.03
6/8/2017,16:00,22.05,1.739,0.88,1.33,9.85,113.3,14.02
6/8/2017,16:15,22.13,1.74,0.88,1.331,9.86,113.7,13.43
6/8/2017,16:30,22.19,1.74,0.88,1.331,9.72,112.1,13.37
6/8/2017,16:45,22.3,1.741,0.88,1.332,9.51,109.9,13.33
6/8/2017,17:00,22.36,1.741,0.88,1.334,9.38,108.6,13.3
6/8/2017,17:15,22.41,1.741,0.88,1.333,9.54,110.5,13.27
6/8/2017,17:30,22.42,1.741,0.88,1.336,9.49,110,13.24
6/8/2017,17:45,22.41,1.742,0.88,1.333,9.53,110.5,13.2
6/8/2017,18:00,22.39,1.742,0.88,1.335,9.43,109.2,13.14
6/8/2017,18:15,22.34,1.742,0.88,1.334,9.49,109.8,13.09
6/8/2017,18:30,22.27,1.743,0.88,1.333,9.39,108.4,13.01
6/8/2017,18:45,22.19,1.743,0.88,1.333,9.51,109.8,12.89
6/8/2017,19:00,22.12,1.743,0.88,1.333,9.57,110.2,12.72
6/8/2017,19:15,22.07,1.743,0.88,1.332,9.47,109,12.52
6/8/2017,19:30,21.99,1.743,0.88,1.331,9.4,108.1,12.36
6/8/2017,19:45,21.93,1.744,0.88,1.33,9.29,106.7,12.34
6/8/2017,20:00,21.82,1.744,0.88,1.329,9.3,106.6,12.36
6/8/2017,20:15,21.7,1.744,0.88,1.328,9.22,105.4,12.36
6/8/2017,20:30,21.65,1.744,0.88,1.327,9.31,106.4,12.36
6/8/2017,20:45,21.56,1.744,0.88,1.326,9.47,108,12.36
6/8/2017,21:00,21.44,1.744,0.88,1.325,9.46,107.6,12.36
6/8/2017,21:15,21.31,1.744,0.88,1.323,9.51,107.9,12.36
6/8/2017,21:30,21.2,1.743,0.88,1.322,9.48,107.3,12.35
6/8/2017,21:45,21.18,1.743,0.88,1.32,9.36,105.9,12.35
6/8/2017,22:00,21.04,1.744,0.88,1.32,9.29,104.8,12.35
6/8/2017,22:15,20.95,1.743,0.88,1.319,9.21,103.8,12.34
6/8/2017,22:30,20.89,1.744,0.88,1.318,9.19,103.3,12.34
6/8/2017,22:45,20.81,1.744,0.88,1.317,9.1,102.2,12.34
6/8/2017,23:00,20.74,1.744,0.88,1.315,9.02,101.2,12.34
6/8/2017,23:15,20.66,1.744,0.88,1.314,9.09,101.8,12.32
6/8/2017,23:30,20.57,1.744,0.89,1.313,9.06,101.2,12.31
6/8/2017,23:45,20.42,1.744,0.89,1.313,9.05,100.9,12.31
6/9/2017,0:00,20.36,1.744,0.89,1.313,8.99,100.1,12.31
6/9/2017,0:15,20.3,1.744,0.89,1.311,8.86,98.5,12.23
6/9/2017,0:30,20.24,1.744,0.89,1.311,8.83,98.1,12.31
6/9/2017,0:45,20.11,1.744,0.89,1.309,8.82,97.8,12.3
6/9/2017,1:00,20.06,1.744,0.89,1.308,8.81,97.5,12.19
6/9/2017,1:15,20.01,1.744,0.89,1.307,8.67,95.9,12.28
6/9/2017,1:30,19.92,1.744,0.89,1.307,8.71,96.1,12.28
6/9/2017,1:45,19.88,1.744,0.89,1.306,8.59,94.7,12.28
6/9/2017,2:00,19.82,1.744,0.89,1.305,8.48,93.5,12.26
6/9/2017,2:15,19.77,1.744,0.89,1.303,8.45,92.9,12.26
6/9/2017,2:30,19.69,1.744,0.89,1.303,8.5,93.4,12.26
6/9/2017,2:45,19.64,1.744,0.89,1.304,8.36,91.7,12.25
6/9/2017,3:00,19.59,1.744,0.89,1.303,8.19,89.8,12.24
6/9/2017,3:15,19.54,1.744,0.89,1.303,8.09,88.6,12.24
6/9/2017,3:30,19.5,1.745,0.89,1.302,8.19,89.6,12.14
6/9/2017,3:45,19.44,1.745,0.89,1.302,8.31,90.9,12.23
6/9/2017,4:00,19.4,1.745,0.89,1.3,8.22,89.8,12.23
6/9/2017,4:15,19.35,1.744,0.89,1.3,8.14,88.9,12.22
6/9/2017,4:30,19.32,1.745,0.89,1.3,8.17,89.1,12.2
6/9/2017,4:45,19.27,1.745,0.89,1.3,8.14,88.7,12.2
6/9/2017,5:00,19.22,1.746,0.89,1.298,8.18,89.1,12.24
6/9/2017,5:15,19.19,1.746,0.89,1.296,8.14,88.6,12.36
6/9/2017,5:30,19.15,1.746,0.89,1.296,8.15,88.5,12.73
6/9/2017,5:45,19.1,1.746,0.89,1.296,8.05,87.4,13.07
6/9/2017,6:00,19.08,1.746,0.89,1.295,8.03,87.1,13.36
6/9/2017,6:15,19.09,1.746,0.89,1.296,8,86.9,14.14
6/9/2017,6:30,19.11,1.746,0.89,1.295,8.08,87.7,14.11
6/9/2017,6:45,19.16,1.747,0.89,1.294,8.02,87.2,14.1
6/9/2017,7:00,19.17,1.747,0.89,1.295,8.09,87.9,14.09
6/9/2017,7:15,19.23,1.747,0.89,1.295,8.18,89.1,14.06
6/9/2017,7:30,19.27,1.747,0.89,1.297,8.22,89.6,14.04
6/9/2017,7:45,19.41,1.748,0.89,1.296,8.09,88.4,14.03
6/9/2017,8:00,19.59,1.748,0.89,1.299,7.86,86.2,14.02
6/9/2017,8:15,19.67,1.749,0.89,1.3,7.83,86,13.99
6/9/2017,8:30,19.86,1.749,0.89,1.3,7.8,85.9,13.99
6/9/2017,8:45,19.97,1.751,0.89,1.302,8.02,88.6,13.98
6/9/2017,9:00,20.01,1.751,0.89,1.3,7.94,87.8,13.97
6/9/2017,9:15,20.17,1.751,0.89,1.304,8.19,90.8,13.94
6/9/2017,9:30,20.4,1.751,0.89,1.3,8.17,91.1,13.96
6/9/2017,9:45,20.75,1.751,0.89,1.306,8.21,92.1,13.96
6/9/2017,10:00,20.88,1.754,0.89,1.303,8.19,92.1,13.96
6/9/2017,10:15,21.15,1.754,0.89,1.303,8.28,93.6,13.94
6/9/2017,10:30,21.31,1.755,0.89,1.303,8.26,93.7,13.94
6/9/2017,10:45,21.54,1.755,0.89,1.309,8.29,94.5,13.94
6/9/2017,11:00,21.95,1.756,0.89,1.308,8.32,95.5,13.94
6/9/2017,11:15,22.17,1.758,0.89,1.316,8.45,97.5,13.96
6/9/2017,11:30,22.47,1.758,0.89,1.314,8.54,99,13.96
6/9/2017,11:45,22.64,1.761,0.89,1.319,8.49,98.8,13.96
6/9/2017,12:00,23.01,1.76,0.89,1.321,8.49,99.4,13.94
6/9/2017,12:15,23.18,1.762,0.89,1.322,8.53,100.2,13.94
6/9/2017,12:30,23.37,1.763,0.89,1.323,8.54,100.8,13.93
6/9/2017,12:45,23.48,1.763,0.89,1.328,8.69,102.8,13.92
6/9/2017,13:00,23.74,1.765,0.89,1.326,8.76,104.1,13.92
6/9/2017,13:15,23.96,1.765,0.89,1.331,8.71,103.9,13.91
6/9/2017,13:30,24.19,1.767,0.89,1.33,8.74,104.7,13.9
6/9/2017,13:45,24.48,1.767,0.89,1.334,8.82,106.3,13.87
6/9/2017,14:00,24.63,1.769,0.89,1.336,8.81,106.4,13.87
6/9/2017,14:15,25.02,1.769,0.89,1.333,8.76,106.6,13.86
6/9/2017,14:30,25.31,1.771,0.89,1.338,8.85,108.3,13.85
6/9/2017,14:45,25.46,1.773,0.89,1.34,9.01,110.5,13.85
6/9/2017,15:00,25.58,1.773,0.9,1.345,9.1,111.9,13.84
6/9/2017,15:15,25.76,1.774,0.9,1.341,9.14,112.8,13.84
6/9/2017,15:30,25.95,1.775,0.9,1.349,9.05,112,13.84
6/9/2017,15:45,26.14,1.776,0.9,1.344,9.06,112.6,13.84
6/9/2017,16:00,26.29,1.776,0.9,1.346,9.03,112.5,13.82
6/9/2017,16:15,26.41,1.777,0.9,1.349,9.19,114.7,13.36
6/9/2017,16:30,26.55,1.778,0.9,1.347,9.21,115.2,13.32
6/9/2017,16:45,26.6,1.779,0.9,1.348,9.22,115.5,13.28
6/9/2017,17:00,26.63,1.78,0.9,1.354,9.07,113.6,13.25
6/9/2017,17:15,26.66,1.781,0.9,1.352,9.03,113.1,13.21
6/9/2017,17:30,26.64,1.782,0.9,1.35,9.29,116.4,13.18
6/9/2017,17:45,26.6,1.782,0.9,1.35,9.13,114.3,13.14
6/9/2017,18:00,26.56,1.783,0.9,1.35,8.85,110.7,13.1
6/9/2017,18:15,26.51,1.783,0.9,1.352,8.89,111.1,13.04
6/9/2017,18:30,26.43,1.783,0.9,1.351,8.81,110,12.97
6/9/2017,18:45,26.36,1.783,0.9,1.352,8.83,110.1,12.86
6/9/2017,19:00,26.26,1.783,0.9,1.35,8.8,109.5,12.7
6/9/2017,19:15,26.15,1.783,0.9,1.35,8.78,109,12.5
6/9/2017,19:30,26.02,1.784,0.9,1.349,8.72,108.1,12.36
6/9/2017,19:45,25.89,1.783,0.9,1.347,8.6,106.3,12.36
6/9/2017,20:00,25.79,1.783,0.9,1.345,8.61,106.2,12.37
6/9/2017,20:15,25.74,1.783,0.9,1.343,8.6,106,12.37
6/9/2017,20:30,25.65,1.783,0.9,1.342,8.54,105.1,12.37
6/9/2017,20:45,25.54,1.783,0.9,1.341,8.63,106,12.38
6/9/2017,21:00,25.42,1.783,0.9,1.34,8.63,105.8,12.37
6/9/2017,21:15,25.36,1.783,0.9,1.338,8.56,104.8,12.37
6/9/2017,21:30,25.3,1.783,0.9,1.337,8.56,104.6,12.37
6/9/2017,21:45,25.23,1.783,0.9,1.336,8.58,104.7,12.37
6/9/2017,22:00,25.15,1.783,0.9,1.336,8.46,103.2,12.37
6/9/2017,22:15,25.04,1.783,0.9,1.334,8.4,102.3,12.31
6/9/2017,22:30,24.95,1.783,0.9,1.334,8.37,101.7,12.36
6/9/2017,22:45,24.81,1.783,0.9,1.333,8.35,101.2,12.36
6/9/2017,23:00,24.78,1.782,0.9,1.331,8.42,102,12.35
6/9/2017,23:15,24.7,1.782,0.9,1.331,8.28,100.2,12.35
6/9/2017,23:30,24.62,1.806,0.91,1.329,8.36,100.9,12.34
6/9/2017,23:45,24.58,1.806,0.91,1.329,8.24,99.4,12.35
6/10/2017,0:00,24.52,1.806,0.91,1.327,8.21,99,12.3
6/10/2017,0:15,24.44,1.805,0.91,1.326,8.09,97.3,12.34
6/10/2017,0:30,24.36,1.805,0.91,1.326,8.03,96.5,12.34
6/10/2017,0:45,24.29,1.806,0.91,1.324,7.98,95.8,12.34
6/10/2017,1:00,24.21,1.805,0.91,1.324,7.96,95.4,12.32
6/10/2017,1:15,24.16,1.805,0.91,1.323,7.88,94.4,12.32
6/10/2017,1:30,24.11,1.805,0.91,1.322,7.7,92.1,12.31
6/10/2017,1:45,24.04,1.801,0.91,1.321,7.67,91.7,12.31
6/10/2017,2:00,23.97,1.801,0.91,1.32,7.68,91.6,12.31
6/10/2017,2:15,23.91,1.805,0.91,1.32,7.59,90.4,12.31
6/10/2017,2:30,23.83,1.805,0.91,1.32,7.53,89.6,12.3
6/10/2017,2:45,23.78,1.805,0.91,1.318,7.53,89.5,12.3
6/10/2017,3:00,23.74,1.805,0.91,1.318,7.41,88.1,12.29
6/10/2017,3:15,23.68,1.805,0.91,1.317,7.41,87.9,12.29
6/10/2017,3:30,23.64,1.805,0.91,1.317,7.39,87.7,12.28
6/10/2017,3:45,23.58,1.805,0.91,1.316,7.34,86.9,12.28
6/10/2017,4:00,23.49,1.805,0.91,1.314,7.32,86.6,12.28
6/10/2017,4:15,23.42,1.805,0.91,1.314,7.31,86.3,12.28
6/10/2017,4:30,23.36,1.805,0.91,1.314,7.31,86.3,12.26
6/10/2017,4:45,23.26,1.804,0.91,1.313,7.21,84.9,12.26
6/10/2017,5:00,23.17,1.804,0.91,1.312,7.28,85.6,12.31
6/10/2017,5:15,23.1,1.804,0.91,1.311,7.15,84,12.46
6/10/2017,5:30,23.05,1.804,0.91,1.309,7.18,84.2,12.82
6/10/2017,5:45,23.03,1.804,0.91,1.31,7.09,83.1,12.91
6/10/2017,6:00,22.99,1.804,0.91,1.309,7.05,82.6,12.95
6/10/2017,6:15,22.94,1.804,0.91,1.308,7.11,83.2,13.02
6/10/2017,6:30,22.92,1.804,0.91,1.307,7.11,83.2,14.04
6/10/2017,6:45,22.9,1.804,0.91,1.307,6.94,81.2,14.03
6/10/2017,7:00,22.87,1.804,0.91,1.308,6.87,80.3,13.39
6/10/2017,7:15,22.85,1.804,0.91,1.307,6.95,81.2,13.99
6/10/2017,7:30,22.87,1.803,0.91,1.305,7.01,81.9,13.97
6/10/2017,7:45,22.94,1.803,0.91,1.304,7.02,82.1,13.96
6/10/2017,8:00,23.02,1.804,0.91,1.304,7.06,82.7,13.93
6/10/2017,8:15,23.22,1.804,0.91,1.309,6.95,81.7,13.91
6/10/2017,8:30,23.36,1.805,0.91,1.307,6.95,82,13.91
6/10/2017,8:45,23.42,1.806,0.92,1.308,6.98,82.4,13.9
6/10/2017,9:00,23.66,1.805,0.91,1.308,7.17,85.1,13.87
6/10/2017,9:15,23.83,1.807,0.92,1.311,7.08,84.3,13.86
6/10/2017,9:30,23.99,1.808,0.92,1.311,7.31,87.3,13.86
6/10/2017,9:45,24.22,1.809,0.92,1.313,7.37,88.4,13.86
6/10/2017,10:00,24.38,1.811,0.92,1.318,7.33,88.1,13.85
6/10/2017,10:15,24.36,1.813,0.92,1.32,7.3,87.7,13.85
6/10/2017,10:30,24.39,1.812,0.92,1.321,7.34,88.3,13.86
6/10/2017,10:45,24.85,1.813,0.92,1.322,7.43,90.2,13.87
6/10/2017,11:00,25.25,1.816,0.92,1.326,7.43,90.8,13.88
6/10/2017,11:15,25.63,1.817,0.92,1.331,7.47,91.9,13.88
6/10/2017,11:30,25.9,1.829,0.92,1.323,7.41,91.6,13.9
6/10/2017,11:45,,,,,,,13.9
6/10/2017,12:00,26.39,1.894,0.96,1.329,7.27,90.7,13.9
6/10/2017,12:15,26.67,1.893,0.96,1.328,7.4,92.8,13.9
6/10/2017,12:30,26.9,1.892,0.96,1.331,7.44,93.6,13.88
6/10/2017,12:45,27.22,1.89,0.95,1.327,7.51,95.1,13.87
6/10/2017,13:00,27.45,1.892,0.96,1.333,7.6,96.6,13.87
6/10/2017,13:15,27.74,1.892,0.96,1.343,7.64,97.7,13.87
6/10/2017,13:30,28.01,1.892,0.95,1.332,7.69,98.7,13.87
6/10/2017,13:45,28.32,1.891,0.95,1.328,7.67,99,13.87
6/10/2017,14:00,28.52,1.887,0.95,1.327,7.71,100,13.87
6/10/2017,14:15,28.72,1.888,0.95,1.33,7.8,101.4,13.86
6/10/2017,14:30,28.84,1.887,0.95,1.324,7.85,102.3,13.87
6/10/2017,14:45,28.84,1.889,0.95,1.327,7.96,103.8,13.86
6/10/2017,15:00,29.1,1.886,0.95,1.326,7.88,103.1,13.86
6/10/2017,15:15,29.27,1.884,0.95,1.324,7.93,104.1,13.85
6/10/2017,15:30,29.38,1.881,0.95,1.325,7.96,104.7,13.86
6/10/2017,15:45,29.53,1.877,0.94,1.322,8.12,107.2,13.85
6/10/2017,16:00,29.67,1.869,0.94,1.322,8.25,109.1,13.84
6/10/2017,16:15,29.77,1.864,0.94,1.32,8.26,109.4,13.04
6/10/2017,16:30,29.81,1.861,0.94,1.323,8.08,107,13.09
6/10/2017,16:45,29.75,1.865,0.94,1.322,8.02,106.1,12.66
6/10/2017,17:00,29.69,1.868,0.94,1.319,8.06,106.5,12.73
6/10/2017,17:15,29.67,1.872,0.94,1.318,8.21,108.5,12.85
6/10/2017,17:30,29.66,1.879,0.95,1.317,8.39,110.9,12.34
6/10/2017,17:45,29.77,1.885,0.95,1.319,8.38,111,12.44
6/10/2017,18:00,29.67,1.885,0.95,1.317,8.3,109.8,12.35
6/10/2017,18:15,29.76,1.886,0.95,1.314,8.3,110,12.35
6/10/2017,18:30,29.88,1.889,0.95,1.316,8.34,110.6,12.36
6/10/2017,18:45,29.89,1.891,0.95,1.316,8.3,110.2,12.35
6/10/2017,19:00,29.92,1.892,0.95,1.315,8.33,110.5,12.42
6/10/2017,19:15,29.88,1.892,0.95,1.314,8.33,110.5,12.4
6/10/2017,19:30,29.74,1.888,0.95,1.314,8.3,109.9,12.38
6/10/2017,19:45,29.61,1.886,0.95,1.313,8.28,109.3,12.37
6/10/2017,20:00,29.48,1.885,0.95,1.314,8.16,107.5,12.37
6/10/2017,20:15,29.33,1.884,0.95,1.313,8.04,105.7,12.37
6/10/2017,20:30,29.2,1.884,0.95,1.313,7.97,104.5,12.37
6/10/2017,20:45,29.06,1.884,0.95,1.312,7.93,103.7,12.36
6/10/2017,21:00,28.9,1.883,0.95,1.313,7.82,102,12.36
6/10/2017,21:15,28.73,1.884,0.95,1.312,7.79,101.4,12.36
6/10/2017,21:30,28.62,1.884,0.95,1.312,7.69,99.8,12.36
6/10/2017,21:45,28.48,1.884,0.95,1.311,7.62,98.7,12.36
6/10/2017,22:00,28.29,1.883,0.95,1.312,7.52,97.1,12.35
6/10/2017,22:15,28.1,1.884,0.95,1.312,7.5,96.5,12.35
6/10/2017,22:30,27.97,1.885,0.95,1.312,7.4,95,12.35
6/10/2017,22:45,27.83,1.883,0.95,1.31,7.31,93.6,12.35
6/10/2017,23:00,27.69,1.884,0.95,1.311,7.22,92.2,12.26
6/10/2017,23:15,27.58,1.885,0.95,1.312,7.12,90.8,12.26
6/10/2017,23:30,27.47,1.884,0.95,1.312,7.07,90,12.31
6/10/2017,23:45,27.36,1.885,0.95,1.311,7.01,88.9,12.31
6/11/2017,0:00,27.23,1.887,0.95,1.312,6.91,87.6,12.31
6/11/2017,0:15,27.11,1.889,0.95,1.311,6.83,86.4,12.31
6/11/2017,0:30,26.98,1.891,0.96,1.311,6.75,85.1,12.3
6/11/2017,0:45,26.9,1.892,0.96,1.309,6.65,83.8,12.3
6/11/2017,1:00,26.79,1.893,0.96,1.31,6.62,83.1,12.3
6/11/2017,1:15,26.69,1.893,0.96,1.311,6.54,82.1,12.3
6/11/2017,1:30,26.61,1.895,0.96,1.309,6.43,80.5,12.29
6/11/2017,1:45,26.53,1.896,0.96,1.31,6.33,79.2,12.29
6/11/2017,2:00,26.47,1.899,0.96,1.311,6.27,78.4,12.28
6/11/2017,2:15,26.35,1.898,0.96,1.31,6.25,77.9,12.28
6/11/2017,2:30,26.29,1.899,0.96,1.31,6.14,76.5,12.28
6/11/2017,2:45,26.22,1.899,0.96,1.309,6.11,76,12.28
6/11/2017,3:00,26.16,1.901,0.96,1.309,6.02,74.8,12.26
6/11/2017,3:15,26.08,1.9,0.96,1.309,5.99,74.3,12.26
6/11/2017,3:30,25.98,1.901,0.96,1.308,5.94,73.5,12.26
6/11/2017,3:45,25.88,1.901,0.96,1.308,5.86,72.4,12.26
6/11/2017,4:00,25.75,1.902,0.96,1.309,5.75,70.9,12.26
6/11/2017,4:15,25.66,1.903,0.96,1.308,5.68,69.9,12.26
6/11/2017,4:30,25.61,1.904,0.96,1.309,5.57,68.6,12.25
6/11/2017,4:45,25.53,1.905,0.97,1.31,5.5,67.6,12.26
6/11/2017,5:00,25.46,1.906,0.97,1.31,5.5,67.4,12.3
6/11/2017,5:15,25.4,1.907,0.97,1.31,5.46,66.9,12.46
6/11/2017,5:30,25.35,1.907,0.97,1.31,5.42,66.3,12.73
6/11/2017,5:45,25.28,1.907,0.97,1.31,5.41,66.1,12.96
6/11/2017,6:00,25.23,1.907,0.97,1.307,5.43,66.3,13.12
6/11/2017,6:15,25.2,1.908,0.97,1.307,5.4,66,13.39
6/11/2017,6:30,25.19,1.907,0.97,1.307,5.34,65.3,13.92
6/11/2017,6:45,25.2,1.907,0.97,1.306,5.33,65.1,13.91
6/11/2017,7:00,25.22,1.909,0.97,1.304,5.29,64.7,13.9
6/11/2017,7:15,25.26,1.909,0.97,1.304,5.42,66.2,13.9
6/11/2017,7:30,25.35,1.909,0.97,1.3,5.42,66.4,13.87
6/11/2017,7:45,25.45,1.909,0.97,1.302,5.3,65,13.86
6/11/2017,8:00,25.54,1.909,0.97,1.305,5.54,68.1,13.86
6/11/2017,8:15,25.61,1.909,0.97,1.307,5.34,65.7,13.84
6/11/2017,8:30,25.66,1.909,0.97,1.307,5.21,64.2,13.81
6/11/2017,8:45,25.75,1.909,0.97,1.306,5.04,62.2,13.8
6/11/2017,9:00,25.83,1.91,0.97,1.306,5.58,69,13.79
6/11/2017,9:15,25.91,1.91,0.97,1.309,5.49,67.9,13.79
6/11/2017,9:30,26.18,1.908,0.97,1.308,5.52,68.6,13.8
6/11/2017,9:45,26.49,1.909,0.97,1.306,5.7,71.3,13.81
6/11/2017,10:00,26.74,1.908,0.96,1.307,5.78,72.6,13.81
6/11/2017,10:15,26.91,1.91,0.97,1.307,5.64,71,13.82
6/11/2017,10:30,27.16,1.912,0.97,1.306,5.99,75.8,13.82
6/11/2017,10:45,27.2,1.912,0.97,1.306,5.74,72.7,13.82
6/11/2017,11:00,27.35,1.912,0.97,1.305,5.98,75.9,13.82
6/11/2017,11:15,27.74,1.908,0.96,1.306,6.39,81.7,13.84
6/11/2017,11:30,27.78,1.907,0.96,1.308,6.59,84.3,13.84
6/11/2017,11:45,28.16,1.901,0.96,1.308,6.61,85.2,13.84
6/11/2017,12:00,28.66,1.897,0.96,1.312,7.06,91.8,13.84
6/11/2017,12:15,29.19,1.897,0.96,1.308,7.07,92.7,13.84
6/11/2017,12:30,29.45,1.899,0.96,1.304,7.23,95.3,13.84
6/11/2017,12:45,29.93,1.893,0.95,1.304,7.43,98.6,13.84
6/11/2017,13:00,30.34,1.892,0.95,1.304,7.67,102.6,13.82
6/11/2017,13:15,30.61,1.888,0.95,1.304,7.64,102.7,13.8
6/11/2017,13:30,30.88,1.883,0.95,1.303,7.75,104.6,13.79
6/11/2017,13:45,31.11,1.881,0.94,1.305,7.8,105.7,13.78
6/11/2017,14:00,31.32,1.879,0.94,1.302,7.89,107.2,13.76
6/11/2017,14:15,31.47,1.879,0.94,1.302,7.97,108.6,13.76
6/11/2017,14:30,31.61,1.878,0.94,1.302,8.04,109.9,13.75
6/11/2017,14:45,31.76,1.877,0.94,1.303,8.05,110.3,13.75
6/11/2017,15:00,31.88,1.876,0.94,1.302,8.13,111.6,13.76
6/11/2017,15:15,31.99,1.874,0.94,1.299,8.17,112.4,13.76
6/11/2017,15:30,32.07,1.872,0.94,1.301,8.16,112.3,13.76
6/11/2017,15:45,32.12,1.87,0.94,1.302,8.19,112.9,13.76
6/11/2017,16:00,32.16,1.868,0.94,1.301,8.19,113,13.75
6/11/2017,16:15,32.17,1.868,0.94,1.297,8.22,113.4,13.32
6/11/2017,16:30,32.15,1.873,0.94,1.297,8.26,113.9,13.28
6/11/2017,16:45,32.11,1.878,0.94,1.296,8.22,113.3,13.27
6/11/2017,17:00,32.03,1.881,0.94,1.3,8.22,113.2,13.26
6/11/2017,17:15,31.9,1.888,0.95,1.295,8.19,112.5,13.25
6/11/2017,17:30,31.84,1.892,0.95,1.296,8.13,111.5,13.22
6/11/2017,17:45,31.83,1.895,0.95,1.299,8.13,111.6,13.19
6/11/2017,18:00,31.81,1.898,0.95,1.298,8.14,111.6,13.14
6/11/2017,18:15,31.85,1.9,0.95,1.295,8.22,112.8,13.09
6/11/2017,18:30,31.76,1.904,0.96,1.294,7.94,108.8,13.01
6/11/2017,18:45,31.65,1.905,0.96,1.293,7.62,104.3,12.89
6/11/2017,19:00,31.53,1.905,0.96,1.292,7.54,102.9,12.31
6/11/2017,19:15,31.45,1.906,0.96,1.292,7.42,101.1,12.4
6/11/2017,19:30,31.32,1.908,0.96,1.29,7.03,95.6,12.4
6/11/2017,19:45,31.24,1.908,0.96,1.289,6.74,91.6,12.38
6/11/2017,20:00,31.21,1.91,0.96,1.289,6.64,90.2,12.4
6/11/2017,20:15,31.17,1.911,0.96,1.289,6.49,88,12.4
6/11/2017,20:30,31.13,1.911,0.96,1.29,6.5,88.1,12.4
6/11/2017,20:45,31.04,1.912,0.96,1.289,6.86,92.9,12.4
6/11/2017,21:00,30.95,1.912,0.96,1.288,6.98,94.4,12.36
6/11/2017,21:15,30.87,1.912,0.96,1.29,6.99,94.3,12.34
6/11/2017,21:30,30.8,1.913,0.96,1.289,6.89,92.9,12.38
6/11/2017,21:45,30.73,1.913,0.96,1.288,6.86,92.4,12.34
6/11/2017,22:00,30.59,1.911,0.96,1.288,7.03,94.4,12.31
6/11/2017,22:15,30.44,1.912,0.96,1.288,7.04,94.3,12.31
6/11/2017,22:30,30.33,1.912,0.96,1.288,6.9,92.3,12.36
6/11/2017,22:45,30.19,1.911,0.96,1.288,6.97,93,12.36
6/11/2017,23:00,30.04,1.91,0.96,1.288,6.91,91.9,12.36
6/11/2017,23:15,29.92,1.909,0.96,1.289,6.85,90.9,12.35
6/11/2017,23:30,29.79,1.91,0.96,1.287,6.71,88.9,12.35
6/11/2017,23:45,29.66,1.909,0.96,1.288,6.65,87.9,12.35
6/12/2017,0:00,29.56,1.91,0.96,1.288,6.54,86.3,12.35
6/12/2017,0:15,29.47,1.911,0.96,1.288,6.48,85.4,12.35
6/12/2017,0:30,29.37,1.911,0.96,1.287,6.34,83.4,12.34
6/12/2017,0:45,29.26,1.911,0.96,1.288,6.31,82.8,12.34
6/12/2017,1:00,29.18,1.911,0.96,1.288,6.15,80.7,12.34
6/12/2017,1:15,29.09,1.912,0.96,1.288,6.19,81.1,12.34
6/12/2017,1:30,29,1.913,0.96,1.287,6.09,79.6,12.32
6/12/2017,1:45,28.87,1.914,0.97,1.286,6.12,79.8,12.31
6/12/2017,2:00,28.77,1.914,0.97,1.285,6.04,78.6,12.31
6/12/2017,2:15,28.64,1.914,0.97,1.285,6.03,78.4,12.31
6/12/2017,2:30,28.55,1.916,0.97,1.286,5.91,76.6,12.31
6/12/2017,2:45,28.44,1.915,0.97,1.285,5.92,76.6,12.3
6/12/2017,3:00,28.34,1.916,0.97,1.284,5.83,75.3,12.3
6/12/2017,3:15,28.23,1.917,0.97,1.285,5.76,74.3,12.3
6/12/2017,3:30,28.15,1.918,0.97,1.286,5.62,72.3,12.3
6/12/2017,3:45,28.06,1.919,0.97,1.283,5.56,71.5,12.29
6/12/2017,4:00,27.94,1.92,0.97,1.284,5.5,70.6,12.29
6/12/2017,4:15,27.84,1.921,0.97,1.283,5.48,70.2,12.28
6/12/2017,4:30,27.76,1.923,0.97,1.283,5.42,69.3,12.28
6/12/2017,4:45,27.69,1.924,0.97,1.281,5.42,69.2,12.26
6/12/2017,5:00,27.66,1.924,0.97,1.28,5.4,68.9,12.29
6/12/2017,5:15,27.51,1.927,0.97,1.279,5.51,70.1,12.34
6/12/2017,5:30,27.36,1.928,0.97,1.279,5.59,71,12.47
6/12/2017,5:45,27.22,1.928,0.97,1.279,5.57,70.5,12.55
6/12/2017,6:00,27.12,1.927,0.97,1.276,5.63,71.2,12.8
6/12/2017,6:15,27.05,1.927,0.97,1.279,5.57,70.3,12.85
6/12/2017,6:30,27,1.926,0.97,1.281,5.56,70.2,13.42
6/12/2017,6:45,26.97,1.926,0.97,1.278,5.46,68.9,13.9
6/12/2017,7:00,26.96,1.925,0.97,1.282,5.58,70.4,13.87
6/12/2017,7:15,26.96,1.924,0.97,1.28,5.41,68.2,13.86
6/12/2017,7:30,26.99,1.924,0.97,1.282,5.37,67.8,13.84
6/12/2017,7:45,27.05,1.926,0.97,1.283,5.29,66.7,13.81
6/12/2017,8:00,27.1,1.925,0.97,1.282,5.34,67.5,13.79
6/12/2017,8:15,27.17,1.926,0.97,1.28,5.32,67.3,13.76
6/12/2017,8:30,27.13,1.926,0.97,1.282,5.01,63.4,13.74
6/12/2017,8:45,27.03,1.926,0.97,1.287,5.06,63.8,13.74
6/12/2017,9:00,26.98,1.927,0.97,1.283,5.06,63.8,13.73
6/12/2017,9:15,27.21,1.928,0.98,1.284,5.49,69.6,13.74
6/12/2017,9:30,27.13,1.929,0.98,1.284,5.29,66.9,13.74
6/12/2017,9:45,27.43,1.931,0.98,1.283,5.24,66.6,13.75
6/12/2017,10:00,27.79,1.936,0.98,1.282,5.59,71.5,13.74
6/12/2017,10:15,28.15,1.938,0.98,1.282,5.74,73.9,13.75
6/12/2017,10:30,28.32,1.938,0.98,1.282,6.08,78.5,13.75
6/12/2017,10:45,28.48,1.937,0.98,1.281,6.61,85.6,13.75
6/12/2017,11:00,28.78,1.936,0.98,1.282,6.59,85.8,13.75
6/12/2017,11:15,29.02,1.932,0.97,1.283,6.85,89.6,13.76
6/12/2017,11:30,29.31,1.931,0.97,1.28,6.78,89.1,13.76
6/12/2017,11:45,29.64,1.929,0.97,1.279,7.13,94.2,13.75
6/12/2017,12:00,29.97,1.929,0.97,1.281,7.4,98.4,13.76
6/12/2017,12:15,30.38,1.923,0.97,1.28,7.7,103.1,13.75
6/12/2017,12:30,30.83,1.921,0.97,1.278,7.66,103.3,13.76
6/12/2017,12:45,31.16,1.924,0.97,1.278,7.88,106.8,13.76
6/12/2017,13:00,31.37,1.923,0.97,1.277,7.85,106.9,13.75
6/12/2017,13:15,31.54,1.917,0.96,1.279,7.88,107.7,13.75
6/12/2017,13:30,31.81,1.916,0.96,1.279,7.79,106.9,13.76
6/12/2017,13:45,32.16,1.918,0.96,1.279,7.89,108.9,13.75
6/12/2017,14:00,32.35,1.924,0.97,1.279,8.02,111,13.74
6/12/2017,14:15,32.57,1.927,0.97,1.277,8.03,111.6,13.74
6/12/2017,14:30,32.85,1.931,0.97,1.279,7.87,109.8,13.73
6/12/2017,14:45,32.93,1.936,0.97,1.274,7.95,111.1,13.74
6/12/2017,15:00,33.1,1.938,0.97,1.277,7.91,110.9,13.73
6/12/2017,15:15,33.14,1.934,0.97,1.276,8.05,112.9,13.74
6/12/2017,15:30,33.24,1.931,0.97,1.274,8.11,113.9,13.74
6/12/2017,15:45,33.28,1.922,0.96,1.274,8.28,116.3,13.74
6/12/2017,16:00,33.28,1.917,0.96,1.267,8.28,116.4,13.74
6/12/2017,16:15,33.25,1.914,0.96,1.272,8.43,118.5,13.74
6/12/2017,16:30,33.24,1.912,0.96,1.272,8.55,120.1,13.74
6/12/2017,16:45,33.22,1.905,0.95,1.268,8.55,120,13.74
6/12/2017,17:00,33.19,1.906,0.95,1.267,8.53,119.7,13.74
6/12/2017,17:15,33.1,1.909,0.96,1.267,8.5,119.1,13.74
6/12/2017,17:30,33,1.912,0.96,1.266,8.4,117.5,13.52
6/12/2017,17:45,32.91,1.914,0.96,1.267,8.37,116.9,13.36
6/12/2017,18:00,32.88,1.915,0.96,1.266,8.28,115.6,13.28
6/12/2017,18:15,32.8,1.918,0.96,1.265,7.91,110.3,13.27
6/12/2017,18:30,32.73,1.919,0.96,1.264,7.7,107.3,13.24
6/12/2017,18:45,32.68,1.921,0.96,1.265,7.5,104.3,13.16
6/12/2017,19:00,32.63,1.923,0.96,1.265,7.45,103.6,13.02
6/12/2017,19:15,32.53,1.925,0.97,1.264,7.4,102.8,12.83
6/12/2017,19:30,32.43,1.926,0.97,1.263,7.31,101.4,12.55
6/12/2017,19:45,32.44,1.927,0.97,1.263,7.65,106.1,12.38
6/12/2017,20:00,32.3,1.928,0.97,1.263,7.88,109,12.36
6/12/2017,20:15,32.13,1.929,0.97,1.263,7.82,107.8,12.38
6/12/2017,20:30,32,1.929,0.97,1.263,7.63,105,12.38
6/12/2017,20:45,31.9,1.928,0.97,1.262,7.58,104.1,12.38
6/12/2017,21:00,31.76,1.929,0.97,1.263,7.52,103.1,12.38
6/12/2017,21:15,31.63,1.928,0.97,1.261,7.36,100.7,12.38
6/12/2017,21:30,31.52,1.929,0.97,1.262,7.09,96.8,12.38
6/12/2017,21:45,31.39,1.93,0.97,1.261,6.98,95,12.38
6/12/2017,22:00,31.25,1.93,0.97,1.261,7.23,98.3,12.38
6/12/2017,22:15,31.11,1.93,0.97,1.26,7.12,96.5,12.38
6/12/2017,22:30,30.92,1.929,0.97,1.26,7.09,95.8,12.38
6/12/2017,22:45,30.75,1.928,0.97,1.26,6.94,93.5,12.37
6/12/2017,23:00,30.57,1.929,0.97,1.261,6.97,93.6,12.37
6/12/2017,23:15,30.44,1.929,0.97,1.26,6.86,91.9,12.37
6/12/2017,23:30,30.29,1.93,0.97,1.26,6.68,89.3,12.37
6/12/2017,23:45,30.15,1.933,0.97,1.26,6.55,87.4,12.37
6/13/2017,0:00,30.07,1.933,0.97,1.258,6.43,85.6,12.37
6/13/2017,0:15,29.99,1.935,0.97,1.259,6.3,83.8,12.36
6/13/2017,0:30,29.91,1.935,0.97,1.257,6.19,82.2,12.36
6/13/2017,0:45,29.83,1.936,0.98,1.257,6.14,81.3,12.36
6/13/2017,1:00,29.72,1.936,0.98,1.259,6.08,80.4,12.35
6/13/2017,1:15,29.63,1.937,0.98,1.257,6.06,80.1,12.36
6/13/2017,1:30,29.54,1.938,0.98,1.257,5.94,78.4,12.35
6/13/2017,1:45,29.45,1.938,0.98,1.258,5.77,76,12.35
6/13/2017,2:00,29.38,1.939,0.98,1.257,5.75,75.7,12.35
6/13/2017,2:15,29.31,1.94,0.98,1.257,5.65,74.3,12.35
6/13/2017,2:30,29.23,1.94,0.98,1.257,5.52,72.4,12.35
6/13/2017,2:45,29.12,1.942,0.98,1.256,5.57,73,12.34
6/13/2017,3:00,29,1.941,0.98,1.256,5.52,72.1,12.34
6/13/2017,3:15,28.89,1.94,0.98,1.255,5.49,71.6,12.34
6/13/2017,3:30,28.77,1.94,0.98,1.255,5.31,69.1,12.34
6/13/2017,3:45,28.66,1.941,0.98,1.255,5.24,68.1,12.34
6/13/2017,4:00,28.5,1.941,0.98,1.255,5.35,69.4,12.34
6/13/2017,4:15,28.41,1.94,0.98,1.255,5.21,67.5,12.32
6/13/2017,4:30,28.28,1.94,0.98,1.256,5.19,67,12.31
6/13/2017,4:45,28.15,1.94,0.98,1.256,5.11,65.9,12.32
6/13/2017,5:00,28.06,1.94,0.98,1.255,4.98,64,12.34
6/13/2017,5:15,27.96,1.94,0.98,1.256,4.95,63.6,12.44
6/13/2017,5:30,27.9,1.941,0.98,1.258,4.71,60.4,12.76
6/13/2017,5:45,27.82,1.941,0.98,1.254,4.63,59.3,12.97
6/13/2017,6:00,27.79,1.942,0.98,1.254,4.58,58.6,13.13
6/13/2017,6:15,27.77,1.943,0.98,1.255,4.64,59.3,12.94
6/13/2017,6:30,27.73,1.942,0.98,1.254,4.55,58.2,13.88
6/13/2017,6:45,27.71,1.943,0.98,1.256,4.65,59.5,13.87
6/13/2017,7:00,27.73,1.943,0.98,1.255,4.55,58.2,13.85
6/13/2017,7:15,27.75,1.943,0.98,1.255,4.69,59.9,13.84
6/13/2017,7:30,27.82,1.944,0.98,1.254,4.68,59.9,13.81
6/13/2017,7:45,27.88,1.944,0.98,1.256,4.53,58,13.8
6/13/2017,8:00,27.9,1.945,0.98,1.254,4.37,56,13.79
6/13/2017,8:15,28,1.946,0.98,1.252,4.49,57.7,13.76
6/13/2017,8:30,28.11,1.946,0.98,1.253,4.79,61.7,13.75
6/13/2017,8:45,28.14,1.947,0.98,1.256,4.5,57.9,13.75
6/13/2017,9:00,28.23,1.947,0.98,1.256,4.34,56,13.74
6/13/2017,9:15,28.44,1.948,0.98,1.256,4.64,60.1,13.74
6/13/2017,9:30,28.72,1.948,0.98,1.256,5.23,68,13.74
6/13/2017,9:45,28.82,1.95,0.98,1.257,5.43,70.8,13.74
6/13/2017,10:00,29.03,1.951,0.98,1.258,5.75,75.2,13.74
6/13/2017,10:15,29.35,1.95,0.98,1.257,6.08,79.9,13.75
6/13/2017,10:30,29.63,1.95,0.98,1.256,6.11,80.7,13.76
6/13/2017,10:45,30.04,1.947,0.98,1.256,6.32,84.1,13.78
6/13/2017,11:00,30.36,1.948,0.98,1.258,6.43,86,13.79
6/13/2017,11:15,30.66,1.947,0.98,1.256,6.66,89.5,13.8
6/13/2017,11:30,30.96,1.946,0.98,1.258,6.92,93.6,13.8
6/13/2017,11:45,31.4,1.942,0.98,1.254,7.35,100.1,13.8
6/13/2017,12:00,31.67,1.931,0.97,1.257,7.4,101.2,13.8
6/13/2017,12:15,31.92,1.926,0.97,1.252,7.49,102.9,13.8
6/13/2017,12:30,32.13,1.919,0.96,1.257,7.72,106.5,13.79
6/13/2017,12:45,32.27,1.912,0.96,1.255,7.77,107.4,13.79
6/13/2017,13:00,32.33,1.906,0.96,1.257,7.84,108.4,13.79
6/13/2017,13:15,32.39,1.904,0.95,1.251,7.81,108.2,13.79
6/13/2017,13:30,32.52,1.908,0.96,1.253,7.88,109.4,13.76
6/13/2017,13:45,32.62,1.915,0.96,1.254,7.81,108.6,13.75
6/13/2017,14:00,32.78,1.92,0.96,1.255,7.92,110.4,13.75
6/13/2017,14:15,32.85,1.926,0.97,1.251,7.75,108.2,13.75
6/13/2017,14:30,33,1.921,0.96,1.251,8.21,114.9,13.75
6/13/2017,14:45,32.99,1.918,0.96,1.249,8.15,114,13.75
6/13/2017,15:00,33.15,1.919,0.96,1.247,8.17,114.6,13.72
6/13/2017,15:15,33.15,1.918,0.96,1.251,8.16,114.4,13.75
6/13/2017,15:30,33.18,1.918,0.96,1.245,8.21,115.2,13.76
6/13/2017,15:45,33.19,1.917,0.96,1.246,8.23,115.5,13.76
6/13/2017,16:00,33.23,1.918,0.96,1.248,8.27,116.1,13.75
6/13/2017,16:15,33.28,1.916,0.96,1.248,8.28,116.5,13.75
6/13/2017,16:30,33.36,1.916,0.96,1.245,8.29,116.6,13.74
6/13/2017,16:45,33.37,1.915,0.96,1.245,8.29,116.7,13.73
6/13/2017,17:00,33.3,1.915,0.96,1.241,8.26,116.1,13.52
6/13/2017,17:15,33.25,1.917,0.96,1.239,8.32,116.9,13.73
6/13/2017,17:30,33.25,1.918,0.96,1.243,8.31,116.7,13.46
6/13/2017,17:45,33.22,1.92,0.96,1.244,8.22,115.5,13.31
6/13/2017,18:00,33.16,1.926,0.96,1.242,8.19,114.9,13.27
6/13/2017,18:15,33.12,1.928,0.97,1.241,8.05,112.9,13.22
6/13/2017,18:30,33.05,1.929,0.97,1.243,7.72,108.1,13.14
6/13/2017,18:45,33.02,1.932,0.97,1.241,7.8,109.2,13.02
6/13/2017,19:00,32.99,1.933,0.97,1.24,7.62,106.6,12.85
6/13/2017,19:15,32.99,1.934,0.97,1.24,7.69,107.6,12.62
6/13/2017,19:30,32.95,1.937,0.97,1.239,7.73,108,12.4
6/13/2017,19:45,32.77,1.946,0.98,1.239,7.77,108.3,12.36
6/13/2017,20:00,32.6,1.949,0.98,1.238,7.69,106.9,12.37
6/13/2017,20:15,32.4,1.951,0.98,1.238,7.6,105.2,12.38
6/13/2017,20:30,32.27,1.951,0.98,1.237,7.49,103.5,12.38
6/13/2017,20:45,32.09,1.953,0.98,1.238,7.4,101.9,12.38
6/13/2017,21:00,31.99,1.953,0.98,1.237,7.17,98.7,12.38
6/13/2017,21:15,31.85,1.953,0.98,1.237,7.1,97.5,12.38
6/13/2017,21:30,31.71,1.953,0.98,1.237,7.03,96.2,12.38
6/13/2017,21:45,31.57,1.953,0.98,1.236,6.91,94.4,12.38
6/13/2017,22:00,31.43,1.953,0.98,1.236,6.77,92.3,12.37
6/13/2017,22:15,31.27,1.953,0.98,1.237,6.65,90.4,12.38
6/13/2017,22:30,31.13,1.955,0.98,1.236,6.49,88.1,12.37
6/13/2017,22:45,31.02,1.957,0.98,1.237,6.44,87.2,12.38
6/13/2017,23:00,30.96,1.959,0.99,1.236,6.24,84.3,12.36
6/13/2017,23:15,30.88,1.959,0.99,1.236,6.31,85.1,12.36
6/13/2017,23:30,30.78,1.96,0.99,1.235,6.15,83,12.36
6/13/2017,23:45,30.72,1.961,0.99,1.235,6.01,80.9,12.36
6/14/2017,0:00,30.61,1.962,0.99,1.237,6.05,81.4,12.36
6/14/2017,0:15,30.5,1.963,0.99,1.234,6.01,80.6,12.35
6/14/2017,0:30,30.36,1.962,0.99,1.232,5.93,79.4,12.35
6/14/2017,0:45,30.25,1.962,0.99,1.233,5.91,78.9,12.35
6/14/2017,1:00,30.15,1.962,0.99,1.231,5.78,77.1,12.35
6/14/2017,1:15,30.01,1.963,0.99,1.231,5.83,77.5,12.35
6/14/2017,1:30,29.9,1.963,0.99,1.233,5.62,74.6,12.35
6/14/2017,1:45,29.77,1.963,0.99,1.233,5.63,74.6,12.35
6/14/2017,2:00,29.67,1.963,0.99,1.233,5.6,74.1,12.34
6/14/2017,2:15,29.55,1.963,0.99,1.232,5.52,72.9,12.34
6/14/2017,2:30,29.44,1.964,0.99,1.231,5.45,71.8,12.34
6/14/2017,2:45,29.3,1.963,0.99,1.23,5.33,70.1,12.32
6/14/2017,3:00,29.19,1.963,0.99,1.23,5.26,69,12.32
6/14/2017,3:15,29.1,1.964,0.99,1.231,5.04,66,12.31
6/14/2017,3:30,28.99,1.964,0.99,1.231,4.97,64.9,12.31
6/14/2017,3:45,28.87,1.964,0.99,1.231,4.9,63.9,12.31
6/14/2017,4:00,28.76,1.964,0.99,1.232,4.86,63.3,12.31
6/14/2017,4:15,28.63,1.965,0.99,1.23,4.85,62.9,12.31
6/14/2017,4:30,28.54,1.966,0.99,1.232,4.8,62.2,12.3
6/14/2017,4:45,28.44,1.966,0.99,1.232,4.77,61.8,12.3
6/14/2017,5:00,28.33,1.967,0.99,1.229,4.84,62.5,12.34
6/14/2017,5:15,28.25,1.968,0.99,1.231,4.62,59.6,12.43
6/14/2017,5:30,28.17,1.967,0.99,1.231,4.67,60.1,12.66
6/14/2017,5:45,28.11,1.968,1,1.231,4.54,58.4,12.91
6/14/2017,6:00,28.05,1.969,1,1.231,4.48,57.7,13.06
6/14/2017,6:15,28.01,1.97,1,1.23,4.42,56.8,13.21
6/14/2017,6:30,28,1.971,1,1.23,4.46,57.3,13.85
6/14/2017,6:45,27.96,1.973,1,1.231,4.41,56.7,13.85
6/14/2017,7:00,27.97,1.973,1,1.227,4.59,59,13.82
6/14/2017,7:15,27.89,1.975,1,1.231,4.84,62,13.82
6/14/2017,7:30,27.85,1.976,1,1.23,5,64.1,13.81
6/14/2017,7:45,27.87,1.978,1,1.227,5.2,66.6,13.8
6/14/2017,8:00,27.9,1.978,1,1.232,5.35,68.7,13.8
6/14/2017,8:15,27.99,1.979,1,1.229,5.43,69.8,13.79
6/14/2017,8:30,28.05,1.98,1,1.23,5.53,71,13.79
6/14/2017,8:45,28.2,1.98,1,1.226,5.7,73.5,13.79
6/14/2017,9:00,28.32,1.982,1,1.228,5.92,76.4,13.79
6/14/2017,9:15,28.43,1.98,1,1.227,6.11,79.1,13.79
6/14/2017,9:30,28.54,1.972,1,1.232,6.23,80.8,13.8
6/14/2017,9:45,28.71,1.971,1,1.228,6.47,84.2,13.8
6/14/2017,10:00,28.75,1.972,1,1.23,6.54,85.1,13.8
6/14/2017,10:15,28.8,1.97,0.99,1.221,6.6,86,13.82
6/14/2017,10:30,28.96,1.967,0.99,1.219,6.79,88.7,13.82
6/14/2017,10:45,29.25,1.965,0.99,1.231,6.8,89.2,13.82
6/14/2017,11:00,29.42,1.963,0.99,1.221,6.82,89.8,13.82
6/14/2017,11:15,29.64,1.961,0.99,1.22,6.97,92.1,13.84
6/14/2017,11:30,29.85,1.96,0.99,1.223,7.02,93.2,13.84
6/14/2017,11:45,30.02,1.962,0.99,1.222,7.06,93.9,13.84
6/14/2017,12:00,30.18,1.96,0.99,1.22,7.16,95.5,13.84
6/14/2017,12:15,30.35,1.959,0.99,1.222,7.26,97.1,13.84
6/14/2017,12:30,30.48,1.959,0.99,1.218,7.33,98.3,13.84
6/14/2017,12:45,30.62,1.958,0.99,1.214,7.35,98.8,13.84
6/14/2017,13:00,30.74,1.958,0.99,1.22,7.47,100.7,13.82
6/14/2017,13:15,30.85,1.958,0.99,1.218,7.54,101.8,13.82
6/14/2017,13:30,30.96,1.956,0.98,1.215,7.58,102.5,13.8
6/14/2017,13:45,31.1,1.961,0.99,1.217,7.7,104.4,13.8
6/14/2017,14:00,31.15,1.962,0.99,1.214,7.61,103.3,13.8
6/14/2017,14:15,31.24,1.962,0.99,1.216,7.58,103,13.79
6/14/2017,14:30,31.37,1.962,0.99,1.216,7.72,105.1,13.8
6/14/2017,14:45,31.49,1.962,0.99,1.221,7.82,106.6,13.79
6/14/2017,15:00,31.57,1.963,0.99,1.217,7.87,107.6,13.79
6/14/2017,15:15,31.65,1.965,0.99,1.212,7.82,106.9,13.79
6/14/2017,15:30,31.73,1.966,0.99,1.215,7.76,106.3,13.79
6/14/2017,15:45,31.82,1.968,0.99,1.217,7.82,107.3,13.79
6/14/2017,16:00,31.89,1.969,0.99,1.218,7.72,106.1,13.79
6/14/2017,16:15,31.94,1.971,0.99,1.216,7.72,106.1,13.78
6/14/2017,16:30,31.97,1.972,0.99,1.215,7.74,106.4,13.78
6/14/2017,16:45,31.98,1.972,0.99,1.217,7.78,107,13.57
6/14/2017,17:00,31.97,1.973,0.99,1.217,7.73,106.3,13.45
6/14/2017,17:15,31.93,1.974,0.99,1.216,7.69,105.8,13.37
6/14/2017,17:30,31.88,1.976,0.99,1.215,7.94,109,13.31
6/14/2017,17:45,31.77,1.976,0.99,1.214,7.96,109.2,13.28
6/14/2017,18:00,31.71,1.977,0.99,1.215,7.59,103.9,13.27
6/14/2017,18:15,31.61,1.978,0.99,1.213,7.87,107.6,13.14
6/14/2017,18:30,31.55,1.979,1,1.215,7.73,105.6,13.06
6/14/2017,18:45,31.39,1.979,1,1.212,7.77,105.8,12.92
6/14/2017,19:00,31.28,1.98,1,1.214,7.59,103.1,12.76
6/14/2017,19:15,31.1,1.98,1,1.212,7.54,102.2,12.52
6/14/2017,19:30,30.98,1.981,1,1.212,7.5,101.5,12.35
6/14/2017,19:45,30.92,1.981,1,1.212,7.34,99.2,12.35
6/14/2017,20:00,30.87,1.983,1,1.212,7.29,98.5,12.37
6/14/2017,20:15,30.75,1.983,1,1.212,7.23,97.4,12.38
6/14/2017,20:30,30.58,1.983,1,1.211,7.34,98.6,12.38
6/14/2017,20:45,30.49,1.983,1,1.211,7.25,97.3,12.38
6/14/2017,21:00,30.4,1.983,1,1.211,7.12,95.3,12.37
6/14/2017,21:15,30.22,1.983,1,1.21,7.04,94,12.37
6/14/2017,21:30,30.04,1.984,1,1.21,6.9,91.8,12.36
6/14/2017,21:45,29.86,1.982,1,1.211,6.8,90.3,12.36
6/14/2017,22:00,29.71,1.982,1,1.209,6.7,88.7,12.36
6/14/2017,22:15,29.55,1.982,1,1.209,6.78,89.5,12.36
6/14/2017,22:30,29.44,1.982,1,1.209,6.73,88.7,12.36
6/14/2017,22:45,29.33,1.983,1,1.209,6.61,86.9,12.36
6/14/2017,23:00,29.2,1.981,1,1.211,6.59,86.4,12.36
6/14/2017,23:15,29.08,1.979,1,1.209,6.52,85.4,12.35
6/14/2017,23:30,28.91,1.978,1,1.209,6.43,83.9,12.35
6/14/2017,23:45,28.69,1.976,1,1.208,6.3,82,12.35
6/15/2017,0:00,28.61,1.976,1,1.21,6.28,81.5,12.35
6/15/2017,0:15,28.46,1.975,1,1.209,6.2,80.3,12.34
6/15/2017,0:30,28.4,1.975,1,1.209,6.18,79.9,12.34
6/15/2017,0:45,28.28,1.975,1,1.209,6.04,77.9,12.34
6/15/2017,1:00,28.02,1.975,1,1.208,5.89,75.7,12.34
6/15/2017,1:15,27.92,1.974,1,1.207,5.92,75.9,12.32
6/15/2017,1:30,27.88,1.974,1,1.208,5.8,74.4,12.32
6/15/2017,1:45,27.87,1.973,1,1.207,5.73,73.5,12.31
6/15/2017,2:00,27.85,1.973,1,1.207,5.61,71.9,12.31
6/15/2017,2:15,27.76,1.974,1,1.207,5.56,71.2,12.31
6/15/2017,2:30,27.61,1.972,1,1.208,5.47,69.8,12.3
6/15/2017,2:45,27.44,1.971,1,1.208,5.43,69.1,12.3
6/15/2017,3:00,27.3,1.97,1,1.207,5.55,70.4,12.3
6/15/2017,3:15,27.16,1.968,1,1.206,5.47,69.2,12.3
6/15/2017,3:30,27.05,1.967,1,1.207,5.45,68.8,12.29
6/15/2017,3:45,26.96,1.967,1,1.206,5.23,66,12.29
6/15/2017,4:00,26.85,1.965,1,1.207,5.22,65.7,12.28
6/15/2017,4:15,26.74,1.964,1,1.206,4.97,62.4,12.28
6/15/2017,4:30,26.64,1.963,0.99,1.206,5.01,62.9,12.26
6/15/2017,4:45,26.55,1.96,0.99,1.206,4.81,60.2,12.26
6/15/2017,5:00,26.46,1.958,0.99,1.205,4.74,59.3,12.3
6/15/2017,5:15,26.38,1.956,0.99,1.206,4.65,58,12.34
6/15/2017,5:30,26.3,1.956,0.99,1.206,4.54,56.5,12.42
6/15/2017,5:45,26.19,1.955,0.99,1.205,4.42,55,12.58
6/15/2017,6:00,26.13,1.954,0.99,1.204,4.29,53.3,12.98
6/15/2017,6:15,26.05,1.954,0.99,1.207,4.2,52.1,13.15
6/15/2017,6:30,25.97,1.952,0.99,1.205,4.18,51.7,14.02
6/15/2017,6:45,25.9,1.951,0.99,1.205,4.11,50.9,14
6/15/2017,7:00,25.86,1.951,0.99,1.204,4.12,50.9,13.99
6/15/2017,7:15,25.82,1.951,0.99,1.203,4.15,51.3,13.99
6/15/2017,7:30,25.84,1.95,0.99,1.204,4.07,50.3,13.98
6/15/2017,7:45,25.87,1.95,0.99,1.206,4.16,51.5,13.97
6/15/2017,8:00,25.92,1.949,0.99,1.203,4.28,53,13.97
6/15/2017,8:15,26.01,1.951,0.99,1.204,4.26,52.8,13.96
6/15/2017,8:30,26.12,1.95,0.99,1.202,4.47,55.5,13.94
6/15/2017,8:45,26.24,1.95,0.99,1.201,4.58,57.1,13.93
6/15/2017,9:00,26.39,1.952,0.99,1.202,4.78,59.6,13.92
6/15/2017,9:15,26.51,1.951,0.99,1.201,4.77,59.7,13.91
6/15/2017,9:30,26.64,1.951,0.99,1.203,4.91,61.6,13.9
6/15/2017,9:45,26.72,1.95,0.99,1.201,5.03,63.1,13.91
6/15/2017,10:00,26.81,1.952,0.99,1.202,5.15,64.8,13.91
6/15/2017,10:15,26.93,1.952,0.99,1.203,5.31,66.9,13.91
6/15/2017,10:30,27.03,1.95,0.99,1.201,5.45,68.8,13.91
6/15/2017,10:45,27.15,1.95,0.99,1.2,5.43,68.8,13.91
6/15/2017,11:00,27.33,1.949,0.99,1.199,5.63,71.5,13.9
6/15/2017,11:15,27.43,1.952,0.99,1.2,5.86,74.5,13.9
6/15/2017,11:30,27.7,1.951,0.99,1.201,6.07,77.5,13.9
6/15/2017,11:45,27.95,1.953,0.99,1.197,6.41,82.2,13.9
6/15/2017,12:00,28.03,1.954,0.99,1.199,6.72,86.4,13.88
6/15/2017,12:15,28.52,1.952,0.99,1.201,6.63,86,13.88
6/15/2017,12:30,28.93,1.954,0.99,1.2,6.83,89.2,13.9
6/15/2017,12:45,29.27,1.956,0.99,1.197,6.94,91.2,13.87
6/15/2017,13:00,29.54,1.954,0.99,1.205,7.29,96.2,13.88
6/15/2017,13:15,29.72,1.954,0.98,1.202,7.6,100.6,13.87
,,,,,,,,
