Customer:,Dominion - Cove Point,,,,,,,,
Exported parameters:,EcoNet Battery/Battery,YSI 6 Series/Temp,YSI 6 Series/SpCond,YSI 6 Series/Salinity,YSI 6 Series/Depth,YSI 6 Series/Battery,YSI 6 Series/ODO%,YSI 6 Series/ODO Conc,
Start Date:,4/9/2017 0:00,,,,,,,,
End Date:,4/19/2017 23:59,,,,,,,,
,,103275,104614,104619,104624,104633,104634,104684,104685
Date,Time,Battery,Temp,SpCond,Salinity,Depth,Battery,ODO%,ODO Conc
MM/dd/yyyy,HH:mm,V,C,mS/cm,ppt,ft,V,%,mg/L
4/9/2017,0:00,12.516,13.75,2.296000004,1.190000057,1.404000044,,0.600000024,0.059999999
4/9/2017,0:15,12.516,13.69999981,2.295000076,1.190000057,1.404000044,,0.5,0.059999999
4/9/2017,0:30,12.504,13.63000011,2.296000004,1.190000057,1.404999971,,0.5,0.059999999
4/9/2017,0:45,12.504,13.55000019,2.296000004,1.190000057,1.404999971,,0.5,0.050000001
4/9/2017,1:00,12.504,13.47000027,2.295000076,1.190000057,1.404000044,,0.5,0.059999999
4/9/2017,1:15,12.492,13.38000011,2.295000076,1.190000057,1.404999971,,0.5,0.050000001
4/9/2017,1:30,12.492,13.27999973,2.296000004,1.190000057,1.404999971,,0.5,0.050000001
4/9/2017,1:45,12.48,13.18999958,2.295000076,1.190000057,1.404000044,,0.5,0.050000001
4/9/2017,2:00,12.468,13.11999989,2.296999931,1.190000057,1.404999971,,0.5,0.050000001
4/9/2017,2:15,12.468,13.05000019,2.296999931,1.190000057,1.404000044,,0.5,0.050000001
4/9/2017,2:30,12.468,12.97999954,2.296999931,1.190000057,1.404000044,,0.5,0.050000001
4/9/2017,2:45,12.456,12.89000034,2.296000004,1.190000057,1.404000044,,0.5,0.050000001
4/9/2017,3:00,12.456,12.80000019,2.296000004,1.190000057,1.404000044,,0.5,0.050000001
4/9/2017,3:15,12.444,12.71000004,2.296999931,1.190000057,1.404000044,,0.5,0.050000001
4/9/2017,3:30,12.432,12.64000034,2.296000004,1.190000057,1.404000044,,0.400000006,0.050000001
4/9/2017,3:45,12.432,12.56000042,2.296000004,1.190000057,1.404000044,,0.400000006,0.050000001
4/9/2017,4:00,12.42,12.48999977,2.296000004,1.190000057,1.404000044,,0.400000006,0.050000001
4/9/2017,4:15,12.408,12.39999962,2.298000097,1.190000057,1.402999997,,0.400000006,0.050000001
4/9/2017,4:30,12.396,12.28999996,2.296999931,1.190000057,1.404000044,,0.400000006,0.039999999
4/9/2017,4:45,12.396,12.19999981,2.296999931,1.190000057,1.402999997,,0.400000006,0.039999999
4/9/2017,5:00,12.396,12.13000011,2.296999931,1.190000057,1.404000044,,0.400000006,0.039999999
4/9/2017,5:15,12.384,12.10000038,2.298000097,1.190000057,1.402999997,,0.400000006,0.039999999
4/9/2017,5:30,12.372,12.05000019,2.298000097,1.190000057,1.40199995,,0.400000006,0.039999999
4/9/2017,5:45,12.468,12.02000046,2.296999931,1.190000057,1.402999997,,0.400000006,0.039999999
4/9/2017,6:00,13.632,11.97000027,2.299000025,1.190000057,1.402999997,,0.400000006,0.039999999
4/9/2017,6:15,14.544,11.92000008,2.298000097,1.190000057,1.404000044,,0.400000006,0.039999999
4/9/2017,6:30,14.532,11.88000011,2.298000097,1.190000057,1.40199995,,0.400000006,0.039999999
4/9/2017,6:45,14.496,11.86999989,2.298000097,1.190000057,1.40199995,,0.400000006,0.039999999
4/9/2017,7:00,14.46,11.85000038,2.298000097,1.190000057,1.40199995,,0.400000006,0.039999999
4/9/2017,7:15,14.436,11.84000015,2.296999931,1.190000057,1.40199995,,0.400000006,0.039999999
4/9/2017,7:30,14.424,11.85000038,2.298000097,1.190000057,1.40199995,,0.400000006,0.039999999
4/9/2017,7:45,14.4,11.86999989,2.296999931,1.190000057,1.40199995,,0.400000006,0.039999999
4/9/2017,8:00,14.4,11.88000011,2.299000025,1.190000057,1.40199995,,0.400000006,0.039999999
4/9/2017,8:15,14.388,11.90999985,2.299000025,1.190000057,1.40199995,,0.400000006,0.039999999
4/9/2017,8:30,14.376,11.96000004,2.299000025,1.190000057,1.40199995,,0.400000006,0.039999999
4/9/2017,8:45,14.364,12,2.298000097,1.190000057,1.40199995,,0.400000006,0.039999999
4/9/2017,9:00,14.364,11.97999954,2.299999952,1.190000057,1.40199995,,0.400000006,0.039999999
4/9/2017,9:15,14.364,11.90999985,2.299000025,1.190000057,1.40199995,,0.400000006,0.039999999
4/9/2017,9:30,14.364,11.82999992,2.299000025,1.190000057,1.40199995,,0.400000006,0.039999999
4/9/2017,9:45,14.376,11.90999985,2.299000025,1.190000057,1.40199995,,0.400000006,0.039999999
4/9/2017,10:00,14.376,12.07999992,2.301000118,1.190000057,1.40199995,,0.400000006,0.039999999
4/9/2017,10:15,14.376,12.47000027,2.299000025,1.190000057,1.401000023,,0.400000006,0.050000001
4/9/2017,10:30,14.388,12.93999958,2.298000097,1.190000057,1.399999976,,0.5,0.050000001
4/9/2017,10:45,14.376,13.28999996,2.299999952,1.190000057,1.40199995,,0.5,0.050000001
4/9/2017,11:00,14.376,13.23999977,2.299999952,1.190000057,1.399999976,,0.5,0.050000001
4/9/2017,11:15,14.364,13.43000031,2.301000118,1.190000057,1.406999946,,0.5,0.050000001
4/9/2017,11:30,14.34,15.14999962,2.230999947,1.149999976,1.529999971,,105.6999969,10.55000019
4/9/2017,11:45,14.328,15.39000034,2.230000019,1.149999976,1.52699995,,107.3000031,10.64999962
4/9/2017,12:00,14.328,15.72999954,2.23300004,1.149999976,1.529000044,,108.1999969,10.65999985
4/9/2017,12:15,14.328,15.77000046,2.234999895,1.149999976,1.52699995,,108.5999985,10.69999981
4/9/2017,12:30,14.316,16.01000023,2.236000061,1.149999976,1.526000023,,110,10.77999973
4/9/2017,12:45,14.304,16.12000084,2.237999916,1.149999976,1.526000023,,110.1999969,10.77000046
4/9/2017,13:00,14.304,16.26000023,2.239000082,1.149999976,1.524999976,,111.3000031,10.85000038
4/9/2017,13:15,14.304,16.44000053,2.239000082,1.149999976,1.524999976,,112.0999985,10.89000034
4/9/2017,13:30,14.304,16.61000061,2.240999937,1.159999967,1.526000023,,113.3000031,10.97000027
4/9/2017,13:45,14.292,16.71999931,2.243000031,1.159999967,1.526000023,,113.9000015,11
4/9/2017,14:00,14.292,16.88999939,2.243000031,1.159999967,1.521999955,,115.5999985,11.11999989
4/9/2017,14:15,14.292,17.04000092,2.243000031,1.159999967,1.521999955,,116.4000015,11.15999985
4/9/2017,14:30,14.292,17.11000061,2.243000031,1.159999967,1.524000049,,117.5,11.25
4/9/2017,14:45,14.292,17.20000076,2.242000103,1.159999967,1.524999976,,117.3000031,11.22000027
4/9/2017,15:00,14.292,17.28000069,2.243000031,1.159999967,1.524999976,,118.6999969,11.32999992
4/9/2017,15:15,14.28,17.28000069,2.243999958,1.159999967,1.524000049,,119.0999985,11.36999989
4/9/2017,15:30,14.268,17.29000092,2.243000031,1.159999967,1.524000049,,119.1999969,11.36999989
4/9/2017,15:45,13.452,17.30999947,2.243999958,1.159999967,1.523000002,,119.9000015,11.43999958
4/9/2017,16:00,13.344,17.36000061,2.246999979,1.159999967,1.521999955,,120.0999985,11.43999958
4/9/2017,16:15,13.32,17.37999916,2.246000051,1.159999967,1.524000049,,119.9000015,11.42000008
4/9/2017,16:30,13.284,17.38999939,2.246000051,1.159999967,1.524999976,,119.9000015,11.42000008
4/9/2017,16:45,13.128,17.37000084,2.244999886,1.159999967,1.523000002,,119.6999969,11.39999962
4/9/2017,17:00,13.116,17.31999969,2.243999958,1.159999967,1.521999955,,119.4000015,11.39000034
4/9/2017,17:15,13.008,17.28000069,2.243999958,1.159999967,1.521999955,,118.5999985,11.31000042
4/9/2017,17:30,12.96,17.20999908,2.244999886,1.159999967,1.521999955,,118.4000015,11.31000042
4/9/2017,17:45,12.828,17.12000084,2.244999886,1.159999967,1.521000028,,117.6999969,11.27000046
4/9/2017,18:00,12.744,17.04999924,2.246000051,1.159999967,1.519999981,,116.3000031,11.14999962
4/9/2017,18:15,12.624,16.96999931,2.246000051,1.159999967,1.521000028,,116,11.14000034
4/9/2017,18:30,12.6,16.87999916,2.246999979,1.159999967,1.519999981,,114.5999985,11.02000046
4/9/2017,18:45,12.516,16.79999924,2.246999979,1.159999967,1.519999981,,114.6999969,11.06000042
4/9/2017,19:00,12.576,16.79999924,2.246999979,1.159999967,1.519000053,,115.0999985,11.10000038
4/9/2017,19:15,12.576,16.79000092,2.244999886,1.159999967,1.519000053,,113.9000015,10.97999954
4/9/2017,19:30,12.552,16.93000031,2.242000103,1.159999967,1.519999981,,113.1999969,10.88000011
4/9/2017,19:45,12.564,16.80999947,2.243000031,1.159999967,1.519999981,,112.0999985,10.80000019
4/9/2017,20:00,12.552,16.69000053,2.243000031,1.159999967,1.519000053,,111.6999969,10.78999996
4/9/2017,20:15,12.504,16.62999916,2.246000051,1.159999967,1.519000053,,110.5999985,10.69999981
4/9/2017,20:30,12.528,16.53000069,2.247999907,1.159999967,1.518000007,,109.8000031,10.64000034
4/9/2017,20:45,12.552,16.44000053,2.249000072,1.159999967,1.519999981,,108.6999969,10.56000042
4/9/2017,21:00,12.54,16.31999969,2.25,1.159999967,1.519999981,,107.9000015,10.51000023
4/9/2017,21:15,12.54,16.26000023,2.249000072,1.159999967,1.519000053,,107.5,10.47999954
4/9/2017,21:30,12.54,16.20000076,2.25,1.159999967,1.519000053,,106.5,10.39999962
4/9/2017,21:45,12.528,16.12000084,2.252000093,1.159999967,1.519999981,,105.3000031,10.30000019
4/9/2017,22:00,12.504,16.02000046,2.252000093,1.159999967,1.519000053,,104.3000031,10.22000027
4/9/2017,22:15,12.468,15.93999958,2.253000021,1.159999967,1.519000053,,103.5,10.15999985
4/9/2017,22:30,12.504,15.86999989,2.253999949,1.159999967,1.519000053,,102.6999969,10.09000015
4/9/2017,22:45,12.492,15.75,2.256000042,1.159999967,1.519000053,,101.3000031,9.979999542
4/9/2017,23:00,12.492,15.64000034,2.256000042,1.159999967,1.518000007,,99.09999847,9.789999962
4/9/2017,23:15,12.48,15.55000019,2.256999969,1.159999967,1.518000007,,97.90000153,9.68999958
4/9/2017,23:30,12.42,15.47000027,2.257999897,1.169999957,1.518000007,,97,9.609999657
4/9/2017,23:45,12.456,15.36999989,2.257999897,1.169999957,1.518000007,,95.5,9.489999771
4/10/2017,0:00,12.384,15.28999996,2.257999897,1.169999957,1.518000007,,95.5,9.5
4/10/2017,0:15,12.396,15.18999958,2.259000063,1.169999957,1.51699996,,95.19999695,9.489999771
4/10/2017,0:30,12.384,15.06000042,2.259000063,1.169999957,1.51699996,,94.59999847,9.460000038
4/10/2017,0:45,12.336,14.97999954,2.259000063,1.169999957,1.518000007,,94.69999695,9.479999542
4/10/2017,1:00,12.312,14.85000038,2.257999897,1.169999957,1.51699996,,94,9.43999958
4/10/2017,1:15,12.384,14.80000019,2.257999897,1.169999957,1.51699996,,93.5,9.409999847
4/10/2017,1:30,12.336,14.68999958,2.257999897,1.169999957,1.51699996,,92.90000153,9.359999657
4/10/2017,1:45,12.384,14.56999969,2.256999969,1.169999957,1.516000032,,92.40000153,9.340000153
4/10/2017,2:00,12.384,14.56999969,2.253999949,1.159999967,1.51699996,,92.69999695,9.369999886
4/10/2017,2:15,12.384,14.56999969,2.247999907,1.159999967,1.51699996,,92.59999847,9.359999657
4/10/2017,2:30,12.36,14.64000034,2.240999937,1.159999967,1.51699996,,92.40000153,9.329999924
4/10/2017,2:45,12.36,14.75,2.24000001,1.159999967,1.514999986,,92.09999847,9.270000458
4/10/2017,3:00,12.372,14.69999981,2.24000001,1.159999967,1.514000058,,92.19999695,9.289999962
4/10/2017,3:15,12.324,14.64000034,2.237999916,1.149999976,1.516000032,,92.80000305,9.359999657
4/10/2017,3:30,12.384,14.59000015,2.24000001,1.159999967,1.516000032,,92.69999695,9.359999657
4/10/2017,3:45,12.384,14.63000011,2.242000103,1.159999967,1.514999986,,92.30000305,9.319999695
4/10/2017,4:00,12.384,14.63000011,2.242000103,1.159999967,1.516000032,,91.80000305,9.270000458
4/10/2017,4:15,12.384,14.60999966,2.243000031,1.159999967,1.516000032,,91.19999695,9.210000038
4/10/2017,4:30,12.372,14.52000046,2.242000103,1.159999967,1.514999986,,90.80000305,9.180000305
4/10/2017,4:45,12.384,14.43999958,2.242000103,1.159999967,1.514999986,,90.09999847,9.130000114
4/10/2017,5:00,12.372,14.39000034,2.242000103,1.159999967,1.514999986,,89.30000305,9.06000042
4/10/2017,5:15,12.372,14.34000015,2.243000031,1.159999967,1.514000058,,88.69999695,9.010000229
4/10/2017,5:30,12.372,14.18000031,2.243999958,1.159999967,1.514999986,,87.69999695,8.93999958
4/10/2017,5:45,12.456,14.06000042,2.243000031,1.159999967,1.514999986,,87.5,8.93999958
4/10/2017,6:00,13.308,13.97999954,2.243000031,1.159999967,1.514999986,,86.80000305,8.880000114
4/10/2017,6:15,13.668,13.92000008,2.242000103,1.159999967,1.514000058,,86.40000153,8.850000381
4/10/2017,6:30,14.388,13.85000038,2.243000031,1.159999967,1.513000011,,86.09999847,8.829999924
4/10/2017,6:45,14.364,13.77999973,2.240999937,1.159999967,1.513000011,,85.80000305,8.819999695
4/10/2017,7:00,14.34,13.80000019,2.236999989,1.149999976,1.511999965,,86,8.840000153
4/10/2017,7:15,14.328,13.81999969,2.236000061,1.149999976,1.508999944,,86,8.840000153
4/10/2017,7:30,14.316,13.89000034,2.236000061,1.149999976,1.50999999,,86.40000153,8.859999657
4/10/2017,7:45,14.292,13.89999962,2.24000001,1.159999967,1.511000037,,87.5,8.979999542
4/10/2017,8:00,14.28,13.93000031,2.24000001,1.159999967,1.511999965,,88.09999847,9.020000458
4/10/2017,8:15,14.268,13.89999962,2.239000082,1.159999967,1.508000016,,88.09999847,9.029999733
4/10/2017,8:30,14.268,13.93000031,2.237999916,1.159999967,1.503000021,,89,9.119999886
4/10/2017,8:45,14.232,13.90999985,2.237999916,1.159999967,1.508999944,,90.09999847,9.239999771
4/10/2017,9:00,14.22,13.94999981,2.236000061,1.149999976,1.50999999,,90.69999695,9.300000191
4/10/2017,9:15,14.232,14.10000038,2.230999947,1.149999976,1.50999999,,91.40000153,9.329999924
4/10/2017,9:30,14.208,14.23999977,2.21600008,1.139999986,1.50999999,,92.19999695,9.390000343
4/10/2017,9:45,14.196,14.59000015,2.234999895,1.149999976,1.501000047,,94.59999847,9.56000042
4/10/2017,10:00,14.184,14.88000011,2.244999886,1.159999967,1.506999969,,96.40000153,9.680000305
4/10/2017,10:15,14.184,15.23999977,2.259000063,1.169999957,1.508999944,,99.40000153,9.909999847
4/10/2017,10:30,14.172,15.47999954,2.25999999,1.169999957,1.50999999,,100.5999985,9.970000267
4/10/2017,10:45,14.16,15.69999981,2.260999918,1.169999957,1.506999969,,101.6999969,10.02999973
4/10/2017,11:00,14.148,15.93999958,2.260999918,1.169999957,1.511999965,,102.6999969,10.07999992
4/10/2017,11:15,14.148,16.19000053,2.257999897,1.159999967,1.506000042,,103.4000015,10.09000015
4/10/2017,11:30,14.124,16.46999931,2.256999969,1.159999967,1.511000037,,104.8000031,10.17000008
4/10/2017,11:45,14.112,16.65999985,2.255000114,1.159999967,1.511000037,,105.5,10.19999981
4/10/2017,12:00,14.148,16.86000061,2.253999949,1.159999967,1.51699996,,106.5,10.25
4/10/2017,12:15,14.172,17.09000015,2.253000021,1.159999967,1.514999986,,107.5,10.30000019
4/10/2017,12:30,14.196,17.27000046,2.253000021,1.159999967,1.506999969,,108.0999985,10.31999969
4/10/2017,12:45,14.196,17.39999962,2.253999949,1.159999967,1.511000037,,108.5,10.32999992
4/10/2017,13:00,14.184,17.57999992,2.253000021,1.159999967,1.508999944,,109.1999969,10.35000038
4/10/2017,13:15,14.172,17.88999939,2.253000021,1.159999967,1.511999965,,109.6999969,10.34000015
4/10/2017,13:30,14.172,18.13999939,2.256000042,1.159999967,1.513000011,,109.9000015,10.30000019
4/10/2017,13:45,14.16,18.40999985,2.255000114,1.159999967,1.50999999,,110.4000015,10.28999996
4/10/2017,14:00,14.184,18.67000008,2.249000072,1.159999967,1.50999999,,110.5,10.25
4/10/2017,14:15,14.184,19.15999985,2.233999968,1.149999976,1.511999965,,110.9000015,10.18999958
4/10/2017,14:30,14.184,19.37999916,2.224999905,1.139999986,1.514999986,,111.5999985,10.19999981
4/10/2017,14:45,14.196,19.54999924,2.227999926,1.149999976,1.513000011,,112.5999985,10.26000023
4/10/2017,15:00,14.208,19.79000092,2.230999947,1.149999976,1.50999999,,112.9000015,10.23999977
4/10/2017,15:15,14.208,19.97999954,2.244999886,1.149999976,1.514999986,,113.3000031,10.23999977
4/10/2017,15:30,14.22,19.96999931,2.259000063,1.159999967,1.511999965,,114.4000015,10.34000015
4/10/2017,15:45,14.22,19.97999954,2.260999918,1.159999967,1.511999965,,114,10.30000019
4/10/2017,16:00,14.208,20.04000092,2.262000084,1.159999967,1.513000011,,114.0999985,10.30000019
4/10/2017,16:15,14.208,20.05999947,2.263000011,1.159999967,1.511000037,,114,10.27999973
4/10/2017,16:30,14.208,20.13999939,2.263000011,1.159999967,1.511000037,,113.8000031,10.25
4/10/2017,16:45,13.716,20.18000031,2.263000011,1.159999967,1.511000037,,113.5999985,10.22000027
4/10/2017,17:00,13.212,20.10000038,2.263999939,1.159999967,1.508999944,,113,10.18000031
4/10/2017,17:15,12.888,20.12999916,2.263000011,1.159999967,1.511000037,,112.8000031,10.15999985
4/10/2017,17:30,12.996,20.18000031,2.263000011,1.159999967,1.50999999,,112,10.07999992
4/10/2017,17:45,12.708,20.10000038,2.262000084,1.159999967,1.508999944,,111.5,10.05000019
4/10/2017,18:00,12.648,20,2.263000011,1.159999967,1.50999999,,110.8000031,10.01000023
4/10/2017,18:15,12.624,20.04999924,2.260999918,1.159999967,1.511000037,,110.5,9.970000267
4/10/2017,18:30,12.564,20.20999908,2.259000063,1.159999967,1.50999999,,109.5,9.850000381
4/10/2017,18:45,12.576,20.19000053,2.253999949,1.159999967,1.508999944,,108.5999985,9.770000458
4/10/2017,19:00,12.588,19.98999977,2.25,1.159999967,1.50999999,,107.6999969,9.729999542
4/10/2017,19:15,12.516,20.04000092,2.249000072,1.159999967,1.50999999,,106.9000015,9.649999619
4/10/2017,19:30,12.588,20.01000023,2.246999979,1.159999967,1.508000016,,105.1999969,9.5
4/10/2017,19:45,12.528,19.89999962,2.246000051,1.159999967,1.508999944,,104.0999985,9.430000305
4/10/2017,20:00,12.516,19.78000069,2.244999886,1.159999967,1.508000016,,102.5999985,9.31000042
4/10/2017,20:15,12.528,19.72999954,2.236000061,1.149999976,1.508000016,,101.4000015,9.210000038
4/10/2017,20:30,12.504,19.70999908,2.227999926,1.149999976,1.508000016,,100.9000015,9.159999847
4/10/2017,20:45,12.576,19.65999985,2.230000019,1.149999976,1.508000016,,100.3000031,9.119999886
4/10/2017,21:00,12.576,19.53000069,2.230999947,1.149999976,1.50999999,,99.69999695,9.090000153
4/10/2017,21:15,12.564,19.43000031,2.23300004,1.149999976,1.508999944,,99,9.039999962
4/10/2017,21:30,12.552,19.30999947,2.234999895,1.149999976,1.508000016,,98.09999847,8.979999542
4/10/2017,21:45,12.552,19.18000031,2.236000061,1.149999976,1.50999999,,98,9
4/10/2017,22:00,12.552,19.03000069,2.236999989,1.149999976,1.508999944,,97.30000305,8.960000038
4/10/2017,22:15,12.552,18.90999985,2.236999989,1.149999976,1.506999969,,97,8.949999809
4/10/2017,22:30,12.552,18.77000046,2.236999989,1.149999976,1.506000042,,96.40000153,8.920000076
4/10/2017,22:45,12.552,18.67000008,2.237999916,1.149999976,1.506000042,,95.80000305,8.890000343
4/10/2017,23:00,12.54,18.55999947,2.239000082,1.149999976,1.508000016,,95,8.840000153
4/10/2017,23:15,12.552,18.48999977,2.24000001,1.149999976,1.508999944,,93.59999847,8.720000267
4/10/2017,23:30,12.54,18.43000031,2.240999937,1.149999976,1.50999999,,91.69999695,8.550000191
4/10/2017,23:45,12.54,18.35000038,2.242000103,1.149999976,1.508999944,,91.09999847,8.5
4/11/2017,0:00,12.504,18.22999954,2.242000103,1.159999967,1.508000016,,91.40000153,8.56000042
4/11/2017,0:15,12.516,18.13999939,2.244999886,1.159999967,1.508000016,,92,8.619999886
4/11/2017,0:30,12.516,18.06999969,2.247999907,1.159999967,1.506999969,,91,8.539999962
4/11/2017,0:45,12.516,17.98999977,2.25,1.159999967,1.504999995,,90,8.470000267
4/11/2017,1:00,12.504,17.92000008,2.25,1.159999967,1.504999995,,88.90000153,8.369999886
4/11/2017,1:15,12.492,17.81999969,2.252000093,1.159999967,1.506000042,,87.90000153,8.300000191
4/11/2017,1:30,12.492,17.77000046,2.252000093,1.159999967,1.504999995,,86.5,8.170000076
4/11/2017,1:45,12.48,17.70999908,2.253000021,1.159999967,1.504999995,,86.59999847,8.18999958
4/11/2017,2:00,12.492,17.62999916,2.253000021,1.159999967,1.506000042,,85.90000153,8.140000343
4/11/2017,2:15,12.468,17.53000069,2.255000114,1.159999967,1.504999995,,85.19999695,8.090000153
4/11/2017,2:30,12.48,17.44000053,2.256000042,1.159999967,1.504999995,,83.30000305,7.920000076
4/11/2017,2:45,12.48,17.32999992,2.256000042,1.159999967,1.503999949,,83,7.909999847
4/11/2017,3:00,12.48,17.19000053,2.253000021,1.159999967,1.503000021,,82.80000305,7.909999847
4/11/2017,3:15,12.468,16.98999977,2.243999958,1.159999967,1.501999974,,83.09999847,7.96999979
4/11/2017,3:30,12.468,16.93000031,2.230999947,1.149999976,1.503999949,,81.40000153,7.829999924
4/11/2017,3:45,12.468,16.89999962,2.224999905,1.149999976,1.503000021,,79.69999695,7.670000076
4/11/2017,4:00,12.456,16.82999992,2.220999956,1.139999986,1.503999949,,80.30000305,7.730000019
4/11/2017,4:15,12.456,16.76000023,2.226999998,1.149999976,1.504999995,,82.19999695,7.929999828
4/11/2017,4:30,12.456,16.73999977,2.246999979,1.159999967,1.503000021,,83.80000305,8.090000153
4/11/2017,4:45,12.444,16.62999916,2.250999928,1.159999967,1.503999949,,84.69999695,8.18999958
4/11/2017,5:00,12.444,16.5,2.263000011,1.169999957,1.504999995,,85.09999847,8.25
4/11/2017,5:15,12.444,16.40999985,2.266000032,1.169999957,1.506999969,,85,8.260000229
4/11/2017,5:30,12.432,16.34000015,2.26699996,1.169999957,1.504999995,,84.69999695,8.25
4/11/2017,5:45,12.552,16.28000069,2.269000053,1.169999957,1.501999974,,85,8.279999733
4/11/2017,6:00,13.176,16.20999908,2.270999908,1.169999957,1.504999995,,84.90000153,8.279999733
4/11/2017,6:15,13.416,16.17000008,2.270999908,1.169999957,1.503000021,,84.40000153,8.239999771
4/11/2017,6:30,13.692,16.12999916,2.270999908,1.169999957,1.503000021,,84.69999695,8.279999733
4/11/2017,6:45,14.28,16.10000038,2.270999908,1.169999957,1.506999969,,85,8.319999695
4/11/2017,7:00,14.268,16.07999992,2.272000074,1.169999957,1.503000021,,85.59999847,8.380000114
4/11/2017,7:15,14.256,16.11000061,2.273999929,1.169999957,1.501999974,,85.90000153,8.399999619
4/11/2017,7:30,14.232,16.12000084,2.273999929,1.169999957,1.503999949,,85.5,8.359999657
4/11/2017,7:45,14.232,16.12000084,2.273000002,1.169999957,1.504999995,,84.09999847,8.229999542
4/11/2017,8:00,14.22,16.15999985,2.273000002,1.169999957,1.501999974,,84.30000305,8.229999542
4/11/2017,8:15,14.208,16.18000031,2.272000074,1.169999957,1.504999995,,83.59999847,8.170000076
4/11/2017,8:30,14.184,16.30999947,2.269999981,1.169999957,1.501000047,,84.59999847,8.239999771
4/11/2017,8:45,14.184,16.40999985,2.269000053,1.169999957,1.501999974,,86.80000305,8.43999958
4/11/2017,9:00,14.172,16.54999924,2.269999981,1.169999957,1.503000021,,88.09999847,8.539999962
4/11/2017,9:15,14.172,16.81999969,2.265000105,1.169999957,1.503000021,,88.40000153,8.520000458
4/11/2017,9:30,14.172,16.97999954,2.266000032,1.169999957,1.501999974,,91.90000153,8.829999924
4/11/2017,9:45,14.16,17.14999962,2.269000053,1.169999957,1.501000047,,92.80000305,8.880000114
4/11/2017,10:00,14.148,17.38999939,2.26699996,1.169999957,1.504999995,,93.59999847,8.909999847
4/11/2017,10:15,14.136,17.62999916,2.26699996,1.169999957,1.495000005,,94.5,8.949999809
4/11/2017,10:30,14.136,17.87000084,2.266000032,1.169999957,1.504999995,,95.59999847,9.010000229
4/11/2017,10:45,14.136,18.18000031,2.26699996,1.169999957,1.498999953,,96.5,9.039999962
4/11/2017,11:00,14.136,18.39999962,2.265000105,1.169999957,1.503000021,,97.90000153,9.130000114
4/11/2017,11:15,14.136,18.76000023,2.266000032,1.169999957,1.50999999,,98.40000153,9.109999657
4/11/2017,11:30,14.148,18.81999969,2.263999939,1.169999957,1.503000021,,99,9.149999619
4/11/2017,11:45,14.184,19.09000015,2.25999999,1.159999967,1.503000021,,100.9000015,9.279999733
4/11/2017,12:00,14.196,19.13999939,2.25999999,1.159999967,1.503999949,,101.8000031,9.350000381
4/11/2017,12:15,14.184,19.34000015,2.257999897,1.159999967,1.506000042,,102.8000031,9.409999847
4/11/2017,12:30,14.184,19.71999931,2.257999897,1.159999967,1.503999949,,104.3000031,9.470000267
4/11/2017,12:45,14.196,20.01000023,2.257999897,1.159999967,1.503000021,,105.3000031,9.5
4/11/2017,13:00,14.184,20.26000023,2.259000063,1.159999967,1.501999974,,106.0999985,9.539999962
4/11/2017,13:15,14.184,20.44000053,2.262000084,1.159999967,1.503000021,,107,9.579999924
4/11/2017,13:30,14.184,20.60000038,2.266000032,1.169999957,1.501000047,,108,9.640000343
4/11/2017,13:45,14.172,20.73999977,2.267999887,1.169999957,1.5,,108,9.609999657
4/11/2017,14:00,14.148,20.92000008,2.270999908,1.169999957,1.501000047,,108.8000031,9.649999619
4/11/2017,14:15,14.148,21.04000092,2.273999929,1.169999957,1.501999974,,109.4000015,9.680000305
4/11/2017,14:30,14.148,21.17000008,2.276000023,1.169999957,1.501999974,,109.9000015,9.68999958
4/11/2017,14:45,14.148,21.30999947,2.27699995,1.169999957,1.501999974,,111.0999985,9.770000458
4/11/2017,15:00,14.148,21.44000053,2.278000116,1.169999957,1.501999974,,111.4000015,9.779999733
4/11/2017,15:15,14.148,21.54999924,2.278000116,1.169999957,1.501000047,,112.0999985,9.819999695
4/11/2017,15:30,13.44,21.68000031,2.278000116,1.169999957,1.5,,112.5,9.829999924
4/11/2017,15:45,13.44,21.80999947,2.27699995,1.169999957,1.498999953,,111.5999985,9.729999542
4/11/2017,16:00,13.368,21.84000015,2.278000116,1.169999957,1.501000047,,113.3000031,9.880000114
4/11/2017,16:15,13.332,22.12999916,2.275000095,1.169999957,1.503000021,,112.8000031,9.770000458
4/11/2017,16:30,12.924,22.14999962,2.273999929,1.169999957,1.501999974,,113,9.789999962
4/11/2017,16:45,12.78,22.26000023,2.273999929,1.169999957,1.501999974,,113.3000031,9.789999962
4/11/2017,17:00,12.852,22.29999924,2.272000074,1.169999957,1.503000021,,113.4000015,9.789999962
4/11/2017,17:15,12.768,22.35000038,2.270999908,1.169999957,1.501999974,,113.3000031,9.770000458
4/11/2017,17:30,12.612,22.36000061,2.269000053,1.159999967,1.501999974,,112.8000031,9.729999542
4/11/2017,17:45,12.696,22.30999947,2.26699996,1.159999967,1.501000047,,111.9000015,9.659999847
4/11/2017,18:00,12.624,22.25,2.265000105,1.159999967,1.501999974,,111.9000015,9.670000076
4/11/2017,18:15,12.624,22.21999931,2.263000011,1.159999967,1.501000047,,110.9000015,9.590000153
4/11/2017,18:30,12.528,22.20999908,2.25999999,1.159999967,1.501000047,,110.5,9.56000042
4/11/2017,18:45,12.588,22.20999908,2.259000063,1.159999967,1.5,,109.1999969,9.43999958
4/11/2017,19:00,12.588,22.17000008,2.257999897,1.159999967,1.5,,109.4000015,9.470000267
4/11/2017,19:15,12.54,22.12999916,2.257999897,1.159999967,1.501000047,,109,9.43999958
4/11/2017,19:30,12.588,22.09000015,2.253999949,1.159999967,1.501999974,,107.6999969,9.340000153
4/11/2017,19:45,12.576,22.25,2.255000114,1.159999967,1.496000051,,105.4000015,9.109999657
4/11/2017,20:00,12.528,22.18000031,2.262000084,1.159999967,1.496999979,,104.4000015,9.029999733
4/11/2017,20:15,12.552,21.93000031,2.266000032,1.159999967,1.496999979,,104,9.050000191
4/11/2017,20:30,12.576,21.72999954,2.26699996,1.159999967,1.496999979,,103.5,9.029999733
4/11/2017,20:45,12.564,21.55999947,2.26699996,1.159999967,1.498999953,,102.6999969,8.989999771
4/11/2017,21:00,12.564,21.45000076,2.26699996,1.159999967,1.498000026,,100.3000031,8.800000191
4/11/2017,21:15,12.552,21.38999939,2.26699996,1.159999967,1.498000026,,99.40000153,8.729999542
4/11/2017,21:30,12.552,21.31999969,2.26699996,1.169999957,1.498000026,,98.90000153,8.710000038
4/11/2017,21:45,12.528,21.20000076,2.267999887,1.169999957,1.496999979,,97.90000153,8.630000114
4/11/2017,22:00,12.504,21.11000061,2.267999887,1.169999957,1.496999979,,96,8.479999542
4/11/2017,22:15,12.54,21,2.267999887,1.169999957,1.496999979,,94.5,8.369999886
4/11/2017,22:30,12.516,20.87000084,2.26699996,1.169999957,1.496999979,,94,8.340000153
4/11/2017,22:45,12.528,20.79000092,2.267999887,1.169999957,1.496999979,,92.19999695,8.18999958
4/11/2017,23:00,12.516,20.70000076,2.26699996,1.169999957,1.496999979,,91.59999847,8.159999847
4/11/2017,23:15,12.516,20.61000061,2.266000032,1.169999957,1.496000051,,91.59999847,8.180000305
4/11/2017,23:30,12.516,20.51000023,2.265000105,1.159999967,1.495000005,,92.09999847,8.239999771
4/11/2017,23:45,12.456,20.44000053,2.263999939,1.159999967,1.496000051,,91.19999695,8.170000076
4/12/2017,0:00,12.504,20.37999916,2.26699996,1.169999957,1.496000051,,89.69999695,8.039999962
4/12/2017,0:15,12.504,20.29999924,2.266000032,1.169999957,1.495000005,,88.59999847,7.949999809
4/12/2017,0:30,12.492,20.22999954,2.26699996,1.169999957,1.493999958,,86.59999847,7.789999962
4/12/2017,0:45,12.492,20.11000061,2.26699996,1.169999957,1.495000005,,85.40000153,7.690000057
4/12/2017,1:00,12.492,19.96999931,2.266000032,1.169999957,1.495000005,,84.30000305,7.619999886
4/12/2017,1:15,12.492,19.87999916,2.265000105,1.169999957,1.495000005,,85.5,7.739999771
4/12/2017,1:30,12.492,19.81999969,2.265000105,1.169999957,1.495000005,,83.69999695,7.590000153
4/12/2017,1:45,12.48,19.76000023,2.265000105,1.169999957,1.495000005,,83.5,7.579999924
4/12/2017,2:00,12.468,19.68000031,2.265000105,1.169999957,1.495000005,,83.09999847,7.550000191
4/12/2017,2:15,12.468,19.59000015,2.265000105,1.169999957,1.493999958,,82.19999695,7.480000019
4/12/2017,2:30,12.468,19.54000092,2.266000032,1.169999957,1.493000031,,82.19999695,7.489999771
4/12/2017,2:45,12.456,19.46999931,2.266000032,1.169999957,1.491999984,,80.90000153,7.380000114
4/12/2017,3:00,12.468,19.37999916,2.266000032,1.169999957,1.491999984,,80.69999695,7.380000114
4/12/2017,3:15,12.456,19.29999924,2.265000105,1.169999957,1.49000001,,81.30000305,7.449999809
4/12/2017,3:30,12.456,19.20999908,2.260999918,1.159999967,1.488000035,,79.90000153,7.329999924
4/12/2017,3:45,12.456,19.20999908,2.255000114,1.159999967,1.491000056,,78.40000153,7.199999809
4/12/2017,4:00,12.456,19.18000031,2.253000021,1.159999967,1.488999963,,77.19999695,7.090000153
4/12/2017,4:15,12.444,19.10000038,2.263000011,1.169999957,1.488999963,,80,7.360000134
4/12/2017,4:30,12.444,19.04999924,2.270999908,1.169999957,1.488999963,,81.09999847,7.460000038
4/12/2017,4:45,12.444,18.95999908,2.27699995,1.169999957,1.488000035,,81.19999695,7.489999771
4/12/2017,5:00,12.444,18.87000084,2.280999899,1.179999948,1.49000001,,81.30000305,7.510000229
4/12/2017,5:15,12.432,18.82999992,2.282999992,1.179999948,1.488999963,,80.59999847,7.460000038
4/12/2017,5:30,12.42,18.77000046,2.285000086,1.179999948,1.491000056,,81,7.5
4/12/2017,5:45,12.456,18.70999908,2.286999941,1.179999948,1.49000001,,80.19999695,7.429999828
4/12/2017,6:00,12.636,18.65999985,2.288000107,1.179999948,1.488999963,,80.69999695,7.489999771
4/12/2017,6:15,12.888,18.62000084,2.289000034,1.179999948,1.488999963,,80.59999847,7.489999771
4/12/2017,6:30,13.332,18.59000015,2.289000034,1.179999948,1.488999963,,80.80000305,7.510000229
4/12/2017,6:45,13.62,18.57999992,2.289999962,1.179999948,1.488999963,,80.80000305,7.510000229
4/12/2017,7:00,13.512,18.60000038,2.289999962,1.179999948,1.488000035,,81.40000153,7.559999943
4/12/2017,7:15,14.22,18.59000015,2.289999962,1.179999948,1.488999963,,81.40000153,7.559999943
4/12/2017,7:30,13.644,18.62000084,2.289999962,1.179999948,1.486999989,,81.69999695,7.590000153
4/12/2017,7:45,14.184,18.63999939,2.290999889,1.179999948,1.488999963,,82.59999847,7.659999847
4/12/2017,8:00,14.16,18.71999931,2.289999962,1.179999948,1.491000056,,83.5,7.730000019
4/12/2017,8:15,14.148,18.81999969,2.289000034,1.179999948,1.496999979,,85.09999847,7.869999886
4/12/2017,8:30,14.148,18.95000076,2.289999962,1.179999948,1.493000031,,86,7.929999828
4/12/2017,8:45,14.148,19.06999969,2.289999962,1.179999948,1.496000051,,87.30000305,8.029999733
4/12/2017,9:00,14.16,19.20000076,2.288000107,1.179999948,1.493000031,,87.69999695,8.050000191
4/12/2017,9:15,14.172,19.31999969,2.280999899,1.179999948,1.493000031,,87,7.960000038
4/12/2017,9:30,14.172,19.47999954,2.275000095,1.169999957,1.491000056,,87.40000153,7.980000019
4/12/2017,9:45,14.184,19.69000053,2.266000032,1.169999957,1.49000001,,87.5,7.949999809
4/12/2017,10:00,14.172,19.87999916,2.263999939,1.169999957,1.493000031,,89.69999695,8.119999886
4/12/2017,10:15,14.172,20.03000069,2.266000032,1.169999957,1.495000005,,91.19999695,8.229999542
4/12/2017,10:30,14.184,20.19000053,2.269999981,1.169999957,1.488999963,,92.09999847,8.289999962
4/12/2017,10:45,14.184,20.36000061,2.269999981,1.169999957,1.491000056,,92.80000305,8.319999695
4/12/2017,11:00,14.184,20.5,2.26699996,1.169999957,1.493000031,,94.09999847,8.420000076
4/12/2017,11:15,14.184,20.52000046,2.260999918,1.159999967,1.486999989,,95.40000153,8.529999733
4/12/2017,11:30,14.184,20.63999939,2.259000063,1.159999967,1.486999989,,96.19999695,8.579999924
4/12/2017,11:45,14.172,20.87000084,2.256000042,1.159999967,1.488000035,,97.19999695,8.630000114
4/12/2017,12:00,14.148,21.20999908,2.255000114,1.159999967,1.488000035,,98.80000305,8.710000038
4/12/2017,12:15,14.148,21.38999939,2.253000021,1.159999967,1.486999989,,100.9000015,8.869999886
4/12/2017,12:30,14.148,21.69000053,2.253999949,1.159999967,1.485999942,,102.6999969,8.979999542
4/12/2017,12:45,14.136,21.95000076,2.255000114,1.159999967,1.485999942,,103.9000015,9.029999733
4/12/2017,13:00,14.112,22.35000038,2.256000042,1.159999967,1.486999989,,105.5,9.100000381
4/12/2017,13:15,14.112,22.56999969,2.260999918,1.159999967,1.488000035,,108.8000031,9.340000153
4/12/2017,13:30,14.112,23.04000092,2.263000011,1.159999967,1.486999989,,110.1999969,9.380000114
4/12/2017,13:45,14.112,23.22999954,2.263999939,1.159999967,1.488999963,,112,9.5
4/12/2017,14:00,14.112,23.44000053,2.265000105,1.159999967,1.486999989,,112.8000031,9.529999733
4/12/2017,14:15,14.1,23.68000031,2.265000105,1.159999967,1.488000035,,114.0999985,9.600000381
4/12/2017,14:30,14.1,23.95000076,2.266000032,1.159999967,1.486999989,,115.0999985,9.640000343
4/12/2017,14:45,14.1,24.18000031,2.267999887,1.159999967,1.486999989,,116.4000015,9.699999809
4/12/2017,15:00,14.088,24.37000084,2.269000053,1.159999967,1.488000035,,116.6999969,9.68999958
4/12/2017,15:15,14.088,24.40999985,2.267999887,1.159999967,1.486999989,,114,9.470000267
4/12/2017,15:30,14.076,24.44000053,2.269000053,1.159999967,1.485999942,,116,9.619999886
4/12/2017,15:45,14.076,24.54000092,2.266000032,1.159999967,1.486999989,,116.1999969,9.619999886
4/12/2017,16:00,14.064,24.70000076,2.265000105,1.159999967,1.488000035,,116.5,9.609999657
4/12/2017,16:15,14.052,24.62000084,2.265000105,1.159999967,1.488999963,,117.4000015,9.710000038
4/12/2017,16:30,13.512,24.53000069,2.263000011,1.159999967,1.486999989,,116.3000031,9.630000114
4/12/2017,16:45,13.476,24.59000015,2.263000011,1.159999967,1.486999989,,118.9000015,9.840000153
4/12/2017,17:00,13.404,24.60000038,2.263000011,1.159999967,1.486999989,,117.9000015,9.75
4/12/2017,17:15,13.356,24.68000031,2.265000105,1.159999967,1.488000035,,119.0999985,9.840000153
4/12/2017,17:30,13.296,24.60000038,2.273000002,1.159999967,1.486999989,,116.5,9.640000343
4/12/2017,17:45,13.2,24.70000076,2.269000053,1.159999967,1.485999942,,117.3000031,9.680000305
4/12/2017,18:00,13.044,24.5,2.26699996,1.159999967,1.511000037,,113.9000015,9.43999958
4/12/2017,18:15,12.852,24.42000008,2.266000032,1.159999967,1.511000037,,112,9.289999962
4/12/2017,18:30,12.672,24.30999947,2.266000032,1.159999967,1.50999999,,109.5,9.109999657
4/12/2017,18:45,12.6,24.20000076,2.265000105,1.159999967,1.50999999,,107.9000015,8.989999771
4/12/2017,19:00,12.612,24.13999939,2.265000105,1.159999967,1.511000037,,107,8.930000305
4/12/2017,19:15,12.6,24.12999916,2.262000084,1.159999967,1.50999999,,106.8000031,8.909999847
4/12/2017,19:30,12.6,24.12999916,2.265000105,1.159999967,1.508999944,,106.5,8.880000114
4/12/2017,19:45,12.588,24.04000092,2.265000105,1.159999967,1.508999944,,106.5,8.899999619
4/12/2017,20:00,12.588,23.95000076,2.265000105,1.159999967,1.508999944,,108.9000015,9.119999886
4/12/2017,20:15,12.576,23.82999992,2.263999939,1.159999967,1.508999944,,109,9.140000343
4/12/2017,20:30,12.588,23.70000076,2.263999939,1.159999967,1.508999944,,106.5,8.960000038
4/12/2017,20:45,12.576,23.54999924,2.263999939,1.159999967,1.508999944,,106.3000031,8.970000267
4/12/2017,21:00,12.576,23.40999985,2.266000032,1.159999967,1.508000016,,107.6999969,9.109999657
4/12/2017,21:15,12.576,23.29000092,2.26699996,1.159999967,1.508000016,,104.6999969,8.869999886
4/12/2017,21:30,12.576,23.13999939,2.26699996,1.159999967,1.508000016,,105.4000015,8.960000038
4/12/2017,21:45,12.576,23.02000046,2.269999981,1.159999967,1.508000016,,104.6999969,8.920000076
4/12/2017,22:00,12.564,22.94000053,2.270999908,1.169999957,1.508000016,,103.8000031,8.859999657
4/12/2017,22:15,12.552,22.86000061,2.273000002,1.169999957,1.508000016,,101.9000015,8.710000038
4/12/2017,22:30,12.552,22.77000046,2.275000095,1.169999957,1.506999969,,102,8.729999542
4/12/2017,22:45,12.552,22.70000076,2.275000095,1.169999957,1.508000016,,99.5,8.529999733
4/12/2017,23:00,12.552,22.62000084,2.275000095,1.169999957,1.506999969,,99,8.489999771
4/12/2017,23:15,12.552,22.45999908,2.275000095,1.169999957,1.508000016,,100.0999985,8.619999886
4/12/2017,23:30,12.552,22.28000069,2.272000074,1.169999957,1.506999969,,100,8.640000343
4/12/2017,23:45,12.552,22.12999916,2.269999981,1.169999957,1.506999969,,98.5,8.539999962
4/13/2017,0:00,12.552,21.95999908,2.270999908,1.169999957,1.506999969,,97.30000305,8.449999809
4/13/2017,0:15,12.552,21.81999969,2.269000053,1.169999957,1.506999969,,95.90000153,8.359999657
4/13/2017,0:30,12.552,21.70000076,2.267999887,1.159999967,1.506000042,,94.30000305,8.239999771
4/13/2017,0:45,12.54,21.59000015,2.26699996,1.159999967,1.504999995,,92.09999847,8.06000042
4/13/2017,1:00,12.54,21.46999931,2.266000032,1.159999967,1.503999949,,90.80000305,7.96999979
4/13/2017,1:15,12.54,21.37000084,2.265000105,1.159999967,1.503999949,,89.40000153,7.860000134
4/13/2017,1:30,12.54,21.25,2.265000105,1.159999967,1.503999949,,88.69999695,7.820000172
4/13/2017,1:45,12.54,21.02000046,2.266000032,1.159999967,1.503000021,,89.30000305,7.900000095
4/13/2017,2:00,12.528,20.87999916,2.265000105,1.159999967,1.503999949,,87.80000305,7.789999962
4/13/2017,2:15,12.528,20.72999954,2.263999939,1.159999967,1.503000021,,86.40000153,7.690000057
4/13/2017,2:30,12.516,20.61000061,2.265000105,1.159999967,1.501999974,,85,7.590000153
4/13/2017,2:45,12.516,20.47999954,2.266000032,1.169999957,1.503000021,,84.30000305,7.539999962
4/13/2017,3:00,12.516,20.35000038,2.265000105,1.169999957,1.506999969,,84.19999695,7.550000191
4/13/2017,3:15,12.516,20.19000053,2.26699996,1.169999957,1.503000021,,83,7.46999979
4/13/2017,3:30,12.504,20.07999992,2.26699996,1.169999957,1.503000021,,82.19999695,7.409999847
4/13/2017,3:45,12.504,19.94000053,2.269000053,1.169999957,1.503000021,,80.59999847,7.28000021
4/13/2017,4:00,12.504,19.84000015,2.272000074,1.169999957,1.504999995,,77.5,7.019999981
4/13/2017,4:15,12.504,19.61000061,2.278000116,1.169999957,1.503000021,,76,6.909999847
4/13/2017,4:30,12.492,19.29999924,2.280999899,1.179999948,1.503000021,,74.69999695,6.840000153
4/13/2017,4:45,12.492,19.03000069,2.282999992,1.179999948,1.501999974,,73.69999695,6.78000021
4/13/2017,5:00,12.48,18.80999947,2.285000086,1.179999948,1.501999974,,73.09999847,6.760000229
4/13/2017,5:15,12.492,18.64999962,2.285000086,1.179999948,1.501000047,,72.59999847,6.730000019
4/13/2017,5:30,12.468,18.48999977,2.285000086,1.179999948,1.5,,71.69999695,6.670000076
4/13/2017,5:45,12.576,18.29000092,2.285000086,1.179999948,1.5,,71.19999695,6.659999847
4/13/2017,6:00,13.152,18.09000015,2.285000086,1.179999948,1.501999974,,71.30000305,6.690000057
4/13/2017,6:15,13.668,17.87999916,2.285000086,1.179999948,1.501999974,,71.30000305,6.71999979
4/13/2017,6:30,14.34,17.70000076,2.286000013,1.179999948,1.503000021,,72,6.809999943
4/13/2017,6:45,14.328,17.60000038,2.286999941,1.179999948,1.501999974,,72.59999847,6.880000114
4/13/2017,7:00,14.328,17.48999977,2.288000107,1.179999948,1.501000047,,73.69999695,7
4/13/2017,7:15,14.316,17.30999947,2.289000034,1.179999948,1.501000047,,74.80000305,7.130000114
4/13/2017,7:30,14.316,17.14999962,2.290999889,1.179999948,1.50999999,,76.59999847,7.329999924
4/13/2017,7:45,14.316,17.05999947,2.292000055,1.179999948,1.506000042,,78.5,7.53000021
4/13/2017,8:00,14.304,17.14999962,2.290999889,1.179999948,1.503999949,,80.19999695,7.670000076
4/13/2017,8:15,14.304,17.07999992,2.292999983,1.179999948,1.506000042,,81.5,7.809999943
4/13/2017,8:30,14.304,16.98999977,2.29399991,1.179999948,1.508999944,,83.19999695,7.989999771
4/13/2017,8:45,14.316,17.01000023,2.29399991,1.179999948,1.504999995,,84.19999695,8.079999924
4/13/2017,9:00,14.316,16.97999954,2.29399991,1.179999948,1.501999974,,85.90000153,8.239999771
4/13/2017,9:15,14.316,17.01000023,2.295000076,1.179999948,1.501999974,,87,8.350000381
4/13/2017,9:30,14.328,17.29000092,2.29399991,1.179999948,1.501000047,,89.09999847,8.5
4/13/2017,9:45,14.34,17.51000023,2.29399991,1.179999948,1.5,,91.19999695,8.659999847
4/13/2017,10:00,14.34,17.68000031,2.295000076,1.179999948,1.498999953,,92.80000305,8.779999733
4/13/2017,10:15,14.34,17.88999939,2.299999952,1.190000057,1.498999953,,93.80000305,8.840000153
4/13/2017,10:30,14.34,18.13999939,2.299999952,1.190000057,1.501000047,,95.5,8.949999809
4/13/2017,10:45,14.34,18.39999962,2.299999952,1.190000057,1.503000021,,97.09999847,9.050000191
4/13/2017,11:00,14.328,18.64999962,2.299999952,1.190000057,1.5,,98.90000153,9.180000305
4/13/2017,11:15,14.328,18.73999977,2.299000025,1.190000057,1.496999979,,99.59999847,9.220000267
4/13/2017,11:30,14.328,19.07999992,2.301000118,1.190000057,1.496000051,,102,9.380000114
4/13/2017,11:45,14.316,19.34000015,2.306999922,1.190000057,1.496000051,,104.0999985,9.529999733
4/13/2017,12:00,14.304,19.65999985,2.309000015,1.190000057,1.496000051,,105.5,9.590000153
4/13/2017,12:15,14.292,20.04999924,2.312000036,1.190000057,1.498000026,,107.3000031,9.680000305
4/13/2017,12:30,14.292,20.36000061,2.311000109,1.190000057,1.498999953,,108.9000015,9.760000229
4/13/2017,12:45,14.292,20.61000061,2.309000015,1.190000057,1.498999953,,110.3000031,9.840000153
4/13/2017,13:00,14.268,20.87999916,2.306999922,1.190000057,1.498000026,,111.5999985,9.909999847
4/13/2017,13:15,14.268,21.21999931,2.306999922,1.190000057,1.496000051,,112.6999969,9.93999958
4/13/2017,13:30,14.256,21.51000023,2.305999994,1.190000057,1.495000005,,114.0999985,10
4/13/2017,13:45,14.256,21.78000069,2.305999994,1.190000057,1.496000051,,114.9000015,10.02000046
4/13/2017,14:00,14.244,22.03000069,2.308000088,1.190000057,1.496999979,,115.9000015,10.06000042
4/13/2017,14:15,14.244,22.20000076,2.312000036,1.190000057,1.495000005,,117.6999969,10.18000031
4/13/2017,14:30,14.232,22.34000015,2.315999985,1.190000057,1.496000051,,119.1999969,10.27999973
4/13/2017,14:45,14.232,22.44000053,2.316999912,1.190000057,1.495000005,,119.8000031,10.31000042
4/13/2017,15:00,14.256,22.47999954,2.318000078,1.190000057,1.495000005,,119.8000031,10.30000019
4/13/2017,15:15,14.256,22.68000031,2.319999933,1.190000057,1.495000005,,120.1999969,10.30000019
4/13/2017,15:30,14.244,22.82999992,2.319000006,1.190000057,1.496999979,,120.4000015,10.28999996
4/13/2017,15:45,14.244,22.96999931,2.318000078,1.190000057,1.496000051,,120.6999969,10.28999996
4/13/2017,16:00,14.244,23.11000061,2.319000006,1.190000057,1.495000005,,120.6999969,10.26000023
4/13/2017,16:15,14.232,23.20000076,2.319999933,1.190000057,1.495000005,,120.0999985,10.18999958
4/13/2017,16:30,14.244,23.15999985,2.322000027,1.190000057,1.493999958,,119.5999985,10.15999985
4/13/2017,16:45,14.256,23.12000084,2.323999882,1.190000057,1.493000031,,119.0999985,10.13000011
4/13/2017,17:00,14.244,23.10000038,2.328000069,1.200000048,1.495000005,,119.1999969,10.14000034
4/13/2017,17:15,13.428,23.04999924,2.325999975,1.190000057,1.491999984,,118.1999969,10.06000042
4/13/2017,17:30,13.56,22.90999985,2.323999882,1.190000057,1.501999974,,117.3000031,10.01000023
4/13/2017,17:45,13.368,22.82999992,2.322999954,1.190000057,1.501999974,,116.9000015,9.989999771
4/13/2017,18:00,13.2,22.73999977,2.322999954,1.190000057,1.501999974,,115,9.840000153
4/13/2017,18:15,12.996,22.65999985,2.325999975,1.200000048,1.501000047,,113.5999985,9.739999771
4/13/2017,18:30,12.732,22.56999969,2.328000069,1.200000048,1.5,,112,9.619999886
4/13/2017,18:45,12.6,22.45000076,2.328000069,1.200000048,1.498999953,,109.5999985,9.430000305
4/13/2017,19:00,12.6,22.27000046,2.326999903,1.200000048,1.498999953,,107.9000015,9.319999695
4/13/2017,19:15,12.588,22.05999947,2.323999882,1.200000048,1.498999953,,106.3000031,9.220000267
4/13/2017,19:30,12.588,21.59000015,2.319000006,1.190000057,1.5,,101.9000015,8.920000076
4/13/2017,19:45,12.588,21.20000076,2.312999964,1.190000057,1.498999953,,103.5,9.130000114
4/13/2017,20:00,12.576,21,2.308000088,1.190000057,1.498999953,,104.5,9.25
4/13/2017,20:15,12.576,20.82999992,2.308000088,1.190000057,1.498000026,,104.3000031,9.270000458
4/13/2017,20:30,12.576,20.78000069,2.306999922,1.190000057,1.498999953,,102.3000031,9.100000381
4/13/2017,20:45,12.576,20.87999916,2.305999994,1.190000057,1.498999953,,103.0999985,9.149999619
4/13/2017,21:00,12.576,20.82999992,2.309000015,1.190000057,1.498999953,,101.5999985,9.029999733
4/13/2017,21:15,12.564,20.80999947,2.309000015,1.190000057,1.498000026,,100.1999969,8.899999619
4/13/2017,21:30,12.552,20.76000023,2.312000036,1.190000057,1.498999953,,98.30000305,8.739999771
4/13/2017,21:45,12.552,20.64999962,2.309999943,1.190000057,1.498999953,,97.19999695,8.659999847
4/13/2017,22:00,12.552,20.57999992,2.309000015,1.190000057,1.498000026,,97.5,8.699999809
4/13/2017,22:15,12.552,20.48999977,2.306999922,1.190000057,1.496999979,,96.90000153,8.670000076
4/13/2017,22:30,12.54,20.37999916,2.306999922,1.190000057,1.498000026,,96,8.600000381
4/13/2017,22:45,12.54,20.31999969,2.305999994,1.190000057,1.496999979,,96.30000305,8.640000343
4/13/2017,23:00,12.54,20.27000046,2.308000088,1.190000057,1.496000051,,96.09999847,8.630000114
4/13/2017,23:15,12.54,20.13999939,2.308000088,1.190000057,1.496000051,,95.59999847,8.609999657
4/13/2017,23:30,12.528,20.02000046,2.309000015,1.190000057,1.495000005,,97.40000153,8.789999962
4/13/2017,23:45,12.528,19.89999962,2.309000015,1.190000057,1.496000051,,97.59999847,8.829999924
4/14/2017,0:00,12.528,19.82999992,2.309000015,1.190000057,1.496000051,,97.69999695,8.850000381
4/14/2017,0:15,12.516,19.71999931,2.309000015,1.190000057,1.496999979,,96.30000305,8.739999771
4/14/2017,0:30,12.516,19.64999962,2.312999964,1.190000057,1.496000051,,95.09999847,8.640000343
4/14/2017,0:45,12.516,19.64999962,2.305999994,1.190000057,1.496000051,,95.19999695,8.659999847
4/14/2017,1:00,12.516,19.59000015,2.309000015,1.190000057,1.496000051,,94,8.56000042
4/14/2017,1:15,12.516,19.54999924,2.309000015,1.190000057,1.496000051,,94.09999847,8.569999695
4/14/2017,1:30,12.504,19.45999908,2.311000109,1.190000057,1.496000051,,92.69999695,8.460000038
4/14/2017,1:45,12.504,19.44000053,2.311000109,1.190000057,1.495000005,,92.80000305,8.470000267
4/14/2017,2:00,12.492,19.40999985,2.309999943,1.190000057,1.495000005,,91.59999847,8.369999886
4/14/2017,2:15,12.492,19.34000015,2.309999943,1.190000057,1.495000005,,91.30000305,8.350000381
4/14/2017,2:30,12.48,19.25,2.309000015,1.190000057,1.495000005,,90.69999695,8.31000042
4/14/2017,2:45,12.48,19.19000053,2.309000015,1.190000057,1.495000005,,89.59999847,8.220000267
4/14/2017,3:00,12.468,19.12000084,2.309000015,1.190000057,1.495000005,,88,8.079999924
4/14/2017,3:15,12.468,19.06999969,2.308000088,1.190000057,1.495000005,,88.40000153,8.130000114
4/14/2017,3:30,12.468,19,2.308000088,1.190000057,1.496000051,,86.80000305,7.989999771
4/14/2017,3:45,12.456,18.93000031,2.308000088,1.190000057,1.493999958,,86.90000153,8.020000458
4/14/2017,4:00,12.456,18.86000061,2.308000088,1.190000057,1.493999958,,86.09999847,7.960000038
4/14/2017,4:15,12.444,18.77000046,2.308000088,1.190000057,1.493999958,,85.5,7.909999847
4/14/2017,4:30,12.444,18.71999931,2.305999994,1.190000057,1.495000005,,84.80000305,7.860000134
4/14/2017,4:45,12.432,18.67000008,2.305999994,1.190000057,1.493999958,,84.19999695,7.809999943
4/14/2017,5:00,12.432,18.59000015,2.305000067,1.190000057,1.493999958,,83.09999847,7.71999979
4/14/2017,5:15,12.432,18.55999947,2.302999973,1.190000057,1.493999958,,82.09999847,7.630000114
4/14/2017,5:30,12.42,18.40999985,2.299000025,1.190000057,1.493999958,,81.09999847,7.559999943
4/14/2017,5:45,12.432,18.32999992,2.296999931,1.179999948,1.495000005,,80.19999695,7.489999771
4/14/2017,6:00,12.468,18.21999931,2.292000055,1.179999948,1.519999981,,80.30000305,7.519999981
4/14/2017,6:15,12.576,18.19000053,2.286999941,1.179999948,1.518000007,,80.09999847,7.5
4/14/2017,6:30,12.648,18.20000076,2.285000086,1.179999948,1.519000053,,80.19999695,7.510000229
4/14/2017,6:45,13.008,18.17000008,2.285000086,1.179999948,1.518000007,,79.90000153,7.489999771
4/14/2017,7:00,13.44,18.12999916,2.285000086,1.179999948,1.519000053,,79.80000305,7.489999771
4/14/2017,7:15,13.704,18.13999939,2.285000086,1.179999948,1.519000053,,81,7.590000153
4/14/2017,7:30,14.388,18.18000031,2.286000013,1.179999948,1.519000053,,80.80000305,7.570000172
4/14/2017,7:45,14.376,18.20000076,2.288000107,1.179999948,1.519999981,,80.69999695,7.559999943
4/14/2017,8:00,14.352,18.20999908,2.290999889,1.179999948,1.519000053,,82.09999847,7.679999828
4/14/2017,8:15,14.34,18.28000069,2.290999889,1.179999948,1.519000053,,84.09999847,7.860000134
4/14/2017,8:30,14.328,18.26000023,2.29399991,1.179999948,1.519000053,,83.69999695,7.820000172
4/14/2017,8:45,14.34,18.22999954,2.298000097,1.190000057,1.518000007,,82.90000153,7.760000229
4/14/2017,9:00,14.328,18.26000023,2.302000046,1.190000057,1.519999981,,82.80000305,7.739999771
4/14/2017,9:15,14.316,18.32999992,2.301000118,1.190000057,1.519999981,,82,7.659999847
4/14/2017,9:30,14.316,18.37000084,2.302999973,1.190000057,1.519000053,,82.19999695,7.670000076
4/14/2017,9:45,14.304,18.42000008,2.303999901,1.190000057,1.519000053,,82.59999847,7.699999809
4/14/2017,10:00,14.292,18.54000092,2.305000067,1.190000057,1.519000053,,82.19999695,7.650000095
4/14/2017,10:15,14.292,18.64999962,2.302000046,1.190000057,1.519999981,,82.09999847,7.610000134
4/14/2017,10:30,14.292,18.68000031,2.298000097,1.190000057,1.519000053,,84.09999847,7.800000191
4/14/2017,10:45,14.28,18.95000076,2.296000004,1.179999948,1.518000007,,87.69999695,8.090000153
4/14/2017,11:00,14.268,19.19000053,2.298000097,1.179999948,1.519000053,,89.80000305,8.239999771
4/14/2017,11:15,14.268,19.27000046,2.299000025,1.179999948,1.518000007,,90.30000305,8.270000458
4/14/2017,11:30,14.256,19.45999908,2.296999931,1.179999948,1.518000007,,91.80000305,8.380000114
4/14/2017,11:45,14.256,19.69000053,2.296999931,1.179999948,1.518000007,,92.69999695,8.420000076
4/14/2017,12:00,14.256,19.87999916,2.298000097,1.179999948,1.51699996,,94.5,8.550000191
4/14/2017,12:15,14.256,19.98999977,2.298000097,1.179999948,1.51699996,,94.69999695,8.550000191
4/14/2017,12:30,14.244,20.07999992,2.298000097,1.179999948,1.519000053,,96.40000153,8.68999958
4/14/2017,12:45,14.232,20.27000046,2.296999931,1.179999948,1.51699996,,97.09999847,8.720000267
4/14/2017,13:00,14.232,20.54999924,2.299000025,1.179999948,1.51699996,,98.40000153,8.789999962
4/14/2017,13:15,14.232,20.71999931,2.299000025,1.179999948,1.51699996,,98.90000153,8.800000191
4/14/2017,13:30,14.244,20.87999916,2.299000025,1.179999948,1.51699996,,100.5999985,8.930000305
4/14/2017,13:45,14.232,21.02000046,2.298000097,1.179999948,1.514999986,,102.1999969,9.050000191
4/14/2017,14:00,14.232,21.12999916,2.296000004,1.179999948,1.516000032,,103.0999985,9.100000381
4/14/2017,14:15,14.232,21.18000031,2.290999889,1.179999948,1.514000058,,104.9000015,9.25
4/14/2017,14:30,14.232,21.25,2.288000107,1.179999948,1.514000058,,106.4000015,9.380000114
4/14/2017,14:45,14.232,21.32999992,2.286000013,1.179999948,1.514000058,,108.6999969,9.56000042
4/14/2017,15:00,14.232,21.43000031,2.286999941,1.179999948,1.513000011,,109.5,9.609999657
4/14/2017,15:15,14.232,21.51000023,2.285000086,1.169999957,1.513000011,,110.5,9.68999958
4/14/2017,15:30,14.22,21.57999992,2.282999992,1.169999957,1.514000058,,110.8000031,9.699999809
4/14/2017,15:45,14.22,21.61000061,2.282000065,1.169999957,1.511999965,,111.5999985,9.760000229
4/14/2017,16:00,14.016,21.64999962,2.282999992,1.169999957,1.513000011,,111.9000015,9.779999733
4/14/2017,16:15,13.14,21.65999985,2.28399992,1.169999957,1.511999965,,112.1999969,9.81000042
4/14/2017,16:30,13.32,21.63999939,2.28399992,1.169999957,1.511000037,,112.0999985,9.800000191
4/14/2017,16:45,13.236,21.62999916,2.285000086,1.169999957,1.511999965,,111.8000031,9.779999733
4/14/2017,17:00,12.84,21.57999992,2.28399992,1.169999957,1.511000037,,111,9.720000267
4/14/2017,17:15,12.732,21.51000023,2.285000086,1.169999957,1.511000037,,110.5,9.68999958
4/14/2017,17:30,12.732,21.44000053,2.286999941,1.179999948,1.508999944,,110.5999985,9.710000038
4/14/2017,17:45,12.708,21.37000084,2.286000013,1.179999948,1.508999944,,109.9000015,9.659999847
4/14/2017,18:00,12.624,21.29999924,2.285000086,1.169999957,1.508999944,,109.1999969,9.619999886
4/14/2017,18:15,12.636,21.19000053,2.286000013,1.179999948,1.508000016,,108.4000015,9.56000042
4/14/2017,18:30,12.588,20.95999908,2.288000107,1.179999948,1.506999969,,107.5,9.520000458
4/14/2017,18:45,12.576,20.92000008,2.289000034,1.179999948,1.508000016,,106.8000031,9.470000267
4/14/2017,19:00,12.588,20.80999947,2.286000013,1.179999948,1.508000016,,105.5,9.380000114
4/14/2017,19:15,12.588,20.75,2.28399992,1.179999948,1.508000016,,104.5,9.300000191
4/14/2017,19:30,12.576,20.61000061,2.28399992,1.179999948,1.508999944,,103.8000031,9.260000229
4/14/2017,19:45,12.576,20.46999931,2.28399992,1.179999948,1.506999969,,101.6999969,9.100000381
4/14/2017,20:00,12.576,20.34000015,2.282999992,1.169999957,1.506999969,,101.4000015,9.100000381
4/14/2017,20:15,12.576,20.27000046,2.282000065,1.169999957,1.508000016,,100.0999985,8.989999771
4/14/2017,20:30,12.576,20.14999962,2.285000086,1.179999948,1.508000016,,99.30000305,8.93999958
4/14/2017,20:45,12.564,20.06999969,2.28399992,1.179999948,1.506999969,,99.5,8.970000267
4/14/2017,21:00,12.564,20.06999969,2.282999992,1.179999948,1.506999969,,98.09999847,8.850000381
4/14/2017,21:15,12.552,19.87000084,2.282999992,1.179999948,1.506999969,,97.90000153,8.859999657
4/14/2017,21:30,12.552,19.75,2.282000065,1.179999948,1.508000016,,97.90000153,8.890000343
4/14/2017,21:45,12.552,19.81999969,2.28399992,1.179999948,1.506999969,,97.40000153,8.819999695
4/14/2017,22:00,12.552,19.70999908,2.282999992,1.179999948,1.504999995,,96.19999695,8.739999771
4/14/2017,22:15,12.54,19.54000092,2.282999992,1.179999948,1.506000042,,95.5,8.699999809
4/14/2017,22:30,12.54,19.40999985,2.28399992,1.179999948,1.506000042,,94.90000153,8.670000076
4/14/2017,22:45,12.54,19.34000015,2.286000013,1.179999948,1.504999995,,93.19999695,8.529999733
4/14/2017,23:00,12.54,19.14999962,2.292000055,1.179999948,1.504999995,,92,8.449999809
4/14/2017,23:15,12.528,18.96999931,2.29399991,1.179999948,1.504999995,,91.09999847,8.399999619
4/14/2017,23:30,12.528,18.88999939,2.292000055,1.179999948,1.503999949,,90.19999695,8.329999924
4/14/2017,23:45,12.516,18.79999924,2.29399991,1.179999948,1.503999949,,88.90000153,8.220000267
4/15/2017,0:00,12.516,18.77000046,2.290999889,1.179999948,1.503999949,,88.09999847,8.149999619
4/15/2017,0:15,12.516,18.69000053,2.28399992,1.179999948,1.503999949,,87.19999695,8.090000153
4/15/2017,0:30,12.504,18.48999977,2.279999971,1.179999948,1.504999995,,87.19999695,8.119999886
4/15/2017,0:45,12.504,18.32999992,2.275000095,1.169999957,1.503000021,,87.19999695,8.140000343
4/15/2017,1:00,12.504,18.18000031,2.266000032,1.169999957,1.501999974,,87.40000153,8.18999958
4/15/2017,1:15,12.504,18.04000092,2.25999999,1.169999957,1.503000021,,86.69999695,8.149999619
4/15/2017,1:30,12.492,17.88999939,2.257999897,1.159999967,1.503999949,,86.19999695,8.119999886
4/15/2017,1:45,12.492,17.77000046,2.256999969,1.159999967,1.501000047,,85.80000305,8.109999657
4/15/2017,2:00,12.48,17.60000038,2.255000114,1.159999967,1.503000021,,84.19999695,7.980000019
4/15/2017,2:15,12.48,17.40999985,2.253000021,1.159999967,1.503000021,,83.30000305,7.929999828
4/15/2017,2:30,12.468,17.27000046,2.253000021,1.159999967,1.503000021,,82.80000305,7.909999847
4/15/2017,2:45,12.468,17.09000015,2.253000021,1.159999967,1.503999949,,81.90000153,7.840000153
4/15/2017,3:00,12.456,16.97999954,2.253000021,1.159999967,1.503999949,,80.5,7.730000019
4/15/2017,3:15,12.456,16.86000061,2.253999949,1.159999967,1.503000021,,80.19999695,7.71999979
4/15/2017,3:30,12.444,16.73999977,2.255000114,1.159999967,1.501000047,,80.5,7.769999981
4/15/2017,3:45,12.444,16.68000031,2.255000114,1.159999967,1.501000047,,79.80000305,7.710000038
4/15/2017,4:00,12.432,16.62000084,2.255000114,1.159999967,1.5,,80.69999695,7.809999943
4/15/2017,4:15,12.432,16.56999969,2.252000093,1.159999967,1.501000047,,80.40000153,7.789999962
4/15/2017,4:30,12.432,16.5,2.25,1.159999967,1.501000047,,80,7.75
4/15/2017,4:45,12.432,16.44000053,2.25,1.159999967,1.501000047,,80.09999847,7.78000021
4/15/2017,5:00,12.42,16.38999939,2.25,1.159999967,1.5,,80.5,7.820000172
4/15/2017,5:15,12.42,16.37000084,2.253000021,1.159999967,1.501000047,,80.80000305,7.849999905
4/15/2017,5:30,12.42,16.35000038,2.256999969,1.159999967,1.5,,80.59999847,7.840000153
4/15/2017,5:45,12.432,16.29999924,2.25999999,1.169999957,1.5,,80.90000153,7.880000114
4/15/2017,6:00,12.432,16.28000069,2.265000105,1.169999957,1.5,,80.5,7.840000153
4/15/2017,6:15,12.42,16.23999977,2.269000053,1.169999957,1.501000047,,81.09999847,7.909999847
4/15/2017,6:30,12.432,16.14999962,2.272000074,1.169999957,1.501000047,,80.69999695,7.889999866
4/15/2017,6:45,12.576,16.05999947,2.273999929,1.169999957,1.5,,80.59999847,7.889999866
4/15/2017,7:00,12.78,15.94999981,2.278000116,1.179999948,1.498999953,,79.80000305,7.829999924
4/15/2017,7:15,12.78,15.85999966,2.279000044,1.179999948,1.498999953,,79.5,7.820000172
4/15/2017,7:30,12.936,15.77999973,2.276000023,1.169999957,1.498000026,,80.59999847,7.929999828
4/15/2017,7:45,13.116,15.76000023,2.275000095,1.169999957,1.5,,81.40000153,8.020000458
4/15/2017,8:00,13.332,15.77999973,2.273999929,1.169999957,1.498999953,,82.19999695,8.090000153
4/15/2017,8:15,13.32,15.82999992,2.273999929,1.169999957,1.501000047,,83.19999695,8.18999958
4/15/2017,8:30,13.32,15.93000031,2.273999929,1.169999957,1.498999953,,84.30000305,8.279999733
4/15/2017,8:45,13.176,15.96000004,2.27699995,1.179999948,1.498000026,,84.69999695,8.31000042
4/15/2017,9:00,13.128,15.89999962,2.27699995,1.179999948,1.496999979,,85.40000153,8.390000343
4/15/2017,9:15,13.224,15.85000038,2.276000023,1.179999948,1.496999979,,86,8.449999809
4/15/2017,9:30,13.404,15.88000011,2.27699995,1.179999948,1.495000005,,87.19999695,8.569999695
4/15/2017,9:45,13.716,15.88000011,2.279999971,1.179999948,1.496999979,,87.40000153,8.590000153
4/15/2017,10:00,13.848,15.85999966,2.279000044,1.179999948,1.498000026,,87.30000305,8.579999924
4/15/2017,10:15,14.316,15.93999958,2.282999992,1.179999948,1.496000051,,88.09999847,8.640000343
4/15/2017,10:30,14.304,16.04000092,2.279999971,1.179999948,1.496999979,,88.90000153,8.710000038
4/15/2017,10:45,14.304,16.11000061,2.29399991,1.179999948,1.496000051,,90.19999695,8.819999695
4/15/2017,11:00,14.304,16.23999977,2.295000076,1.179999948,1.498999953,,91.09999847,8.880000114
4/15/2017,11:15,14.292,16.44000053,2.296999931,1.190000057,1.498999953,,92.19999695,8.949999809
4/15/2017,11:30,14.292,16.70000076,2.298000097,1.190000057,1.496999979,,92.80000305,8.960000038
4/15/2017,11:45,14.28,16.93000031,2.296000004,1.190000057,1.498000026,,94.09999847,9.050000191
4/15/2017,12:00,14.268,17.19000053,2.302000046,1.190000057,1.495000005,,95.80000305,9.159999847
4/15/2017,12:15,14.268,17.44000053,2.302000046,1.190000057,1.496000051,,97,9.229999542
4/15/2017,12:30,14.256,17.70999908,2.301000118,1.190000057,1.496000051,,98,9.260000229
4/15/2017,12:45,14.244,17.92000008,2.301000118,1.190000057,1.498000026,,99.30000305,9.350000381
4/15/2017,13:00,14.244,18.19000053,2.299000025,1.190000057,1.496000051,,100.9000015,9.449999809
4/15/2017,13:15,14.244,18.46999931,2.298000097,1.179999948,1.495000005,,102.0999985,9.510000229
4/15/2017,13:30,14.232,18.68000031,2.299999952,1.190000057,1.496000051,,103.9000015,9.630000114
4/15/2017,13:45,14.232,18.89999962,2.302999973,1.190000057,1.496000051,,105,9.68999958
4/15/2017,14:00,14.232,19.13999939,2.302999973,1.190000057,1.498000026,,105.5,9.68999958
4/15/2017,14:15,14.22,19.30999947,2.303999901,1.190000057,1.495000005,,106.9000015,9.789999962
4/15/2017,14:30,14.22,19.5,2.305000067,1.190000057,1.496999979,,107.8000031,9.829999924
4/15/2017,14:45,14.208,19.69000053,2.305000067,1.190000057,1.496000051,,108.9000015,9.890000343
4/15/2017,15:00,14.208,19.84000015,2.302999973,1.190000057,1.495000005,,109.6999969,9.93999958
4/15/2017,15:15,14.196,20.02000046,2.301000118,1.179999948,1.496000051,,109.8000031,9.909999847
4/15/2017,15:30,14.184,20.20999908,2.301000118,1.179999948,1.495000005,,110.5999985,9.93999958
4/15/2017,15:45,14.172,20.36000061,2.305999994,1.190000057,1.498999953,,110.9000015,9.949999809
4/15/2017,16:00,14.1,20.45999908,2.309000015,1.190000057,1.495000005,,110.0999985,9.850000381
4/15/2017,16:15,13.524,20.54999924,2.312000036,1.190000057,1.496000051,,111.4000015,9.949999809
4/15/2017,16:30,13.356,20.59000015,2.313999891,1.190000057,1.496999979,,111.6999969,9.970000267
4/15/2017,16:45,13.44,20.61000061,2.313999891,1.190000057,1.496999979,,111.4000015,9.93999958
4/15/2017,17:00,14.184,20.62000084,2.313999891,1.190000057,1.496000051,,111.1999969,9.909999847
4/15/2017,17:15,13.44,20.64999962,2.315000057,1.190000057,1.496999979,,111.9000015,9.970000267
4/15/2017,17:30,13.272,20.63999939,2.316999912,1.190000057,1.496000051,,111.5,9.93999958
4/15/2017,17:45,13.164,20.62999916,2.319999933,1.190000057,1.493999958,,111,9.899999619
4/15/2017,18:00,12.996,20.63999939,2.321000099,1.200000048,1.495000005,,108.8000031,9.699999809
4/15/2017,18:15,12.804,20.62000084,2.323999882,1.200000048,1.495000005,,110,9.81000042
4/15/2017,18:30,12.66,20.56999969,2.325999975,1.200000048,1.496000051,,108.3000031,9.670000076
4/15/2017,18:45,12.612,20.52000046,2.328000069,1.200000048,1.493999958,,105.6999969,9.449999809
4/15/2017,19:00,12.612,20.43000031,2.329999924,1.200000048,1.495000005,,105.9000015,9.479999542
4/15/2017,19:15,12.612,20.37999916,2.33100009,1.200000048,1.495000005,,105.5,9.449999809
4/15/2017,19:30,12.6,20.39999962,2.326999903,1.200000048,1.493999958,,104.8000031,9.390000343
4/15/2017,19:45,12.588,20.29999924,2.326999903,1.200000048,1.493999958,,105,9.430000305
4/15/2017,20:00,12.588,20.25,2.332000017,1.200000048,1.496999979,,104,9.340000153
4/15/2017,20:15,12.588,20.13999939,2.332000017,1.200000048,1.496000051,,103.6999969,9.340000153
4/15/2017,20:30,12.588,20.19000053,2.33100009,1.200000048,1.496000051,,103.5,9.31000042
4/15/2017,20:45,12.588,20.18000031,2.328000069,1.200000048,1.496000051,,102.5999985,9.229999542
4/15/2017,21:00,12.588,20.12000084,2.328000069,1.200000048,1.495000005,,102.0999985,9.199999809
4/15/2017,21:15,12.588,20.07999992,2.313999891,1.190000057,1.495000005,,100.5999985,9.069999695
4/15/2017,21:30,12.588,20.04999924,2.322999954,1.200000048,1.493000031,,99.69999695,8.989999771
4/15/2017,21:45,12.576,20.02000046,2.318000078,1.190000057,1.495000005,,99.19999695,8.949999809
4/15/2017,22:00,12.576,19.95999908,2.318000078,1.190000057,1.495000005,,99.69999695,9.010000229
4/15/2017,22:15,12.588,19.96999931,2.309999943,1.190000057,1.491999984,,98.5,8.899999619
4/15/2017,22:30,12.576,19.94000053,2.316999912,1.190000057,1.495000005,,97,8.770000458
4/15/2017,22:45,12.588,19.87000084,2.322000027,1.200000048,1.493999958,,96.80000305,8.760000229
4/15/2017,23:00,12.576,19.79000092,2.319999933,1.200000048,1.495000005,,96.09999847,8.720000267
4/15/2017,23:15,12.576,19.62999916,2.309999943,1.190000057,1.496000051,,94.80000305,8.619999886
4/15/2017,23:30,12.576,19.54000092,2.312000036,1.190000057,1.491999984,,92.5,8.430000305
4/15/2017,23:45,12.576,19.47999954,2.305000067,1.190000057,1.491000056,,89.69999695,8.180000305
4/16/2017,0:00,12.576,19.5,2.299000025,1.179999948,1.491999984,,88.5,8.079999924
4/16/2017,0:15,12.576,19.56999969,2.296999931,1.179999948,1.495000005,,87.40000153,7.960000038
4/16/2017,0:30,12.576,19.56999969,2.290999889,1.179999948,1.491999984,,87.40000153,7.960000038
4/16/2017,0:45,12.576,19.54000092,2.295000076,1.179999948,1.491999984,,86.59999847,7.889999866
4/16/2017,1:00,12.564,19.52000046,2.298000097,1.179999948,1.493000031,,87.09999847,7.940000057
4/16/2017,1:15,12.564,19.45000076,2.313999891,1.190000057,1.488999963,,87,7.940000057
4/16/2017,1:30,12.564,19.37999916,2.292000055,1.179999948,1.491999984,,86.59999847,7.920000076
4/16/2017,1:45,12.552,19.37999916,2.306999922,1.190000057,1.488999963,,86,7.860000134
4/16/2017,2:00,12.552,19.35000038,2.288000107,1.179999948,1.491000056,,84.19999695,7.699999809
4/16/2017,2:15,12.552,19.34000015,2.286999941,1.179999948,1.491000056,,84.5,7.730000019
4/16/2017,2:30,12.54,19.31999969,2.290999889,1.179999948,1.491000056,,83.69999695,7.670000076
4/16/2017,2:45,12.54,19.35000038,2.289000034,1.179999948,1.491000056,,84.59999847,7.739999771
4/16/2017,3:00,12.54,19.35000038,2.296999931,1.179999948,1.486999989,,83.80000305,7.670000076
4/16/2017,3:15,12.54,19.34000015,2.296999931,1.179999948,1.491999984,,83.40000153,7.630000114
4/16/2017,3:30,12.528,19.30999947,2.295000076,1.179999948,1.49000001,,84.30000305,7.71999979
4/16/2017,3:45,12.516,19.28000069,2.305000067,1.190000057,1.49000001,,84.5,7.75
4/16/2017,4:00,12.516,19.23999977,2.308000088,1.190000057,1.49000001,,83.90000153,7.690000057
4/16/2017,4:15,12.516,19.18000031,2.309000015,1.190000057,1.49000001,,82.90000153,7.599999905
4/16/2017,4:30,12.516,19.12999916,2.309999943,1.190000057,1.49000001,,82.5,7.579999924
4/16/2017,4:45,12.504,19.09000015,2.311000109,1.190000057,1.493000031,,82.80000305,7.610000134
4/16/2017,5:00,12.504,19.11000061,2.313999891,1.190000057,1.491000056,,83.19999695,7.650000095
4/16/2017,5:15,12.504,19.09000015,2.316999912,1.200000048,1.491000056,,84.40000153,7.760000229
4/16/2017,5:30,12.492,19.04999924,2.325999975,1.200000048,1.491000056,,83.90000153,7.71999979
4/16/2017,5:45,12.492,18.95000076,2.332000017,1.200000048,1.488999963,,84.69999695,7.809999943
4/16/2017,6:00,12.504,18.90999985,2.335000038,1.200000048,1.49000001,,85.30000305,7.869999886
4/16/2017,6:15,12.696,18.87000084,2.335999966,1.210000038,1.491999984,,84.90000153,7.840000153
4/16/2017,6:30,12.756,18.82999992,2.335000038,1.200000048,1.488000035,,84.30000305,7.789999962
4/16/2017,6:45,12.9,18.79999924,2.335000038,1.200000048,1.488000035,,84.69999695,7.829999924
4/16/2017,7:00,13.008,18.77000046,2.334000111,1.200000048,1.485999942,,85,7.869999886
4/16/2017,7:15,13.128,18.76000023,2.332999945,1.200000048,1.480000019,,85,7.860000134
4/16/2017,7:30,13.188,18.75,2.332999945,1.200000048,1.481999993,,85.80000305,7.940000057
4/16/2017,7:45,13.392,18.75,2.334000111,1.200000048,1.480000019,,86.30000305,7.989999771
4/16/2017,8:00,14.148,18.75,2.334000111,1.200000048,1.48300004,,86.40000153,8
4/16/2017,8:15,14.148,18.78000069,2.335000038,1.200000048,1.480000019,,86.09999847,7.960000038
4/16/2017,8:30,14.136,18.85000038,2.338000059,1.210000038,1.480000019,,87,8.039999962
4/16/2017,8:45,14.112,18.95000076,2.344000101,1.210000038,1.481999993,,86.80000305,8.010000229
4/16/2017,9:00,14.1,19.05999947,2.344000101,1.210000038,1.485999942,,87.59999847,8.06000042
4/16/2017,9:15,14.076,19.17000008,2.345999956,1.210000038,1.480999947,,88.59999847,8.140000343
4/16/2017,9:30,14.076,19.38999939,2.344000101,1.210000038,1.48300004,,89.80000305,8.210000038
4/16/2017,9:45,14.064,19.54999924,2.342999935,1.210000038,1.485999942,,91.5,8.340000153
4/16/2017,10:00,14.064,19.69000053,2.344000101,1.210000038,1.481999993,,92.19999695,8.369999886
4/16/2017,10:15,14.052,19.87999916,2.338999987,1.210000038,1.480999947,,93.80000305,8.489999771
4/16/2017,10:30,14.04,20.20000076,2.329999924,1.200000048,1.483999968,,95.69999695,8.609999657
4/16/2017,10:45,14.028,20.54999924,2.329999924,1.200000048,1.483999968,,97.40000153,8.699999809
4/16/2017,11:00,14.016,20.81999969,2.329999924,1.200000048,1.480000019,,98.40000153,8.75
4/16/2017,11:15,14.004,21.05999947,2.325999975,1.200000048,1.480000019,,99.69999695,8.819999695
4/16/2017,11:30,13.992,21.30999947,2.329999924,1.200000048,1.488999963,,101.0999985,8.890000343
4/16/2017,11:45,13.98,21.5,2.332000017,1.200000048,1.480999947,,103.1999969,9.050000191
4/16/2017,12:00,13.956,21.89999962,2.336999893,1.200000048,1.478999972,,103.1999969,8.979999542
4/16/2017,12:15,13.944,21.97999954,2.34800005,1.210000038,1.493000031,,106.3000031,9.239999771
4/16/2017,12:30,13.932,22.29999924,2.351999998,1.210000038,1.485000014,,108,9.329999924
4/16/2017,12:45,13.92,22.62999916,2.355000019,1.210000038,1.478999972,,109.4000015,9.390000343
4/16/2017,13:00,13.908,22.88999939,2.355000019,1.210000038,1.486999989,,110.5999985,9.43999958
4/16/2017,13:15,13.896,23.44000053,2.355000019,1.210000038,1.48300004,,112.1999969,9.479999542
4/16/2017,13:30,13.884,23.45999908,2.354000092,1.210000038,1.48300004,,113.0999985,9.550000191
4/16/2017,13:45,13.896,23.53000069,2.352999926,1.210000038,1.485999942,,114.5,9.659999847
4/16/2017,14:00,13.872,23.70999908,2.354000092,1.210000038,1.470999956,,114.6999969,9.649999619
4/16/2017,14:15,13.872,23.95999908,2.355999947,1.210000038,1.463000059,,116.3000031,9.729999542
4/16/2017,14:30,13.872,24.04000092,2.357000113,1.210000038,1.478999972,,116.6999969,9.75
4/16/2017,14:45,13.872,24.13999939,2.359999895,1.210000038,1.470999956,,116.0999985,9.680000305
4/16/2017,15:00,13.872,24.20999908,2.364000082,1.210000038,1.475000024,,116.8000031,9.729999542
4/16/2017,15:15,13.86,24.28000069,2.362999916,1.210000038,1.480999947,,119.4000015,9.930000305
4/16/2017,15:30,13.86,24.38999939,2.362999916,1.210000038,1.480000019,,120.0999985,9.970000267
4/16/2017,15:45,13.332,24.52000046,2.364000082,1.210000038,1.481999993,,120.4000015,9.960000038
4/16/2017,16:00,13.236,24.61000061,2.36500001,1.210000038,1.475000024,,120.1999969,9.930000305
4/16/2017,16:15,13.2,24.73999977,2.368000031,1.210000038,1.478000045,,119.4000015,9.840000153
4/16/2017,16:30,13.164,24.80999947,2.368000031,1.210000038,1.473999977,,119.5999985,9.850000381
4/16/2017,16:45,13.128,24.79999924,2.365999937,1.210000038,1.478999972,,119.5,9.840000153
4/16/2017,17:00,13.044,24.77000046,2.362999916,1.210000038,1.480000019,,119.6999969,9.869999886
4/16/2017,17:15,12.984,24.81999969,2.361999989,1.210000038,1.473999977,,117.6999969,9.699999809
4/16/2017,17:30,12.888,24.69000053,2.359999895,1.210000038,1.480000019,,118.3000031,9.760000229
4/16/2017,17:45,12.768,24.57999992,2.358999968,1.210000038,1.478000045,,116.1999969,9.609999657
4/16/2017,18:00,12.66,24.45000076,2.355000019,1.210000038,1.480999947,,115.6999969,9.590000153
4/16/2017,18:15,12.648,24.42000008,2.355000019,1.210000038,1.476999998,,113.9000015,9.449999809
4/16/2017,18:30,12.624,24.37999916,2.354000092,1.210000038,1.475000024,,113.8000031,9.449999809
4/16/2017,18:45,12.6,24.38999939,2.354000092,1.210000038,1.475999951,,112.0999985,9.300000191
4/16/2017,19:00,12.612,24.36000061,2.355000019,1.210000038,1.480000019,,110,9.140000343
4/16/2017,19:15,12.612,24.31999969,2.355999947,1.210000038,1.480000019,,108.5999985,9.029999733
4/16/2017,19:30,12.612,24.29000092,2.355999947,1.210000038,1.478999972,,108.1999969,8.989999771
4/16/2017,19:45,12.6,24.23999977,2.355999947,1.210000038,1.480000019,,105.3000031,8.760000229
4/16/2017,20:00,12.588,24.20000076,2.355999947,1.210000038,1.478999972,,105.4000015,8.779999733
4/16/2017,20:15,12.6,24.12000084,2.357000113,1.210000038,1.478999972,,105.5,8.800000191
4/16/2017,20:30,12.588,24,2.357000113,1.210000038,1.475999951,,105.8000031,8.850000381
4/16/2017,20:45,12.588,23.95000076,2.357000113,1.210000038,1.478000045,,106.5999985,8.920000076
4/16/2017,21:00,12.588,23.87999916,2.35800004,1.210000038,1.480999947,,104.3000031,8.739999771
4/16/2017,21:15,12.588,23.82999992,2.35800004,1.210000038,1.476999998,,104.6999969,8.789999962
4/16/2017,21:30,12.588,23.76000023,2.358999968,1.210000038,1.476999998,,101.0999985,8.489999771
4/16/2017,21:45,12.576,23.70000076,2.358999968,1.210000038,1.475999951,,101.3000031,8.510000229
4/16/2017,22:00,12.576,23.69000053,2.358999968,1.210000038,1.47300005,,103.3000031,8.68999958
4/16/2017,22:15,12.576,23.61000061,2.359999895,1.210000038,1.476999998,,99.90000153,8.409999847
4/16/2017,22:30,12.576,23.57999992,2.359999895,1.210000038,1.475000024,,99.69999695,8.399999619
4/16/2017,22:45,12.564,23.48999977,2.361000061,1.210000038,1.475999951,,98.59999847,8.319999695
4/16/2017,23:00,12.564,23.43000031,2.361999989,1.210000038,1.476999998,,96.69999695,8.180000305
4/16/2017,23:15,12.564,23.35000038,2.361999989,1.210000038,1.475000024,,95.69999695,8.100000381
4/16/2017,23:30,12.552,23.25,2.361999989,1.210000038,1.473999977,,95.80000305,8.130000114
4/16/2017,23:45,12.552,23.20999908,2.361999989,1.210000038,1.476999998,,93.69999695,7.960000038
4/17/2017,0:00,12.552,23.17000008,2.361999989,1.210000038,1.475000024,,94,7.989999771
4/17/2017,0:15,12.54,23.12000084,2.361999989,1.210000038,1.475999951,,92.40000153,7.849999905
4/17/2017,0:30,12.54,23.04999924,2.362999916,1.210000038,1.473999977,,91.59999847,7.800000191
4/17/2017,0:45,12.54,23,2.362999916,1.210000038,1.475000024,,90.69999695,7.730000019
4/17/2017,1:00,12.54,22.90999985,2.364000082,1.220000029,1.478000045,,90.09999847,7.690000057
4/17/2017,1:15,12.528,22.77000046,2.364000082,1.220000029,1.475999951,,90.59999847,7.760000229
4/17/2017,1:30,12.528,22.62000084,2.362999916,1.220000029,1.475000024,,89.80000305,7.710000038
4/17/2017,1:45,12.528,22.5,2.362999916,1.220000029,1.47300005,,87.80000305,7.550000191
4/17/2017,2:00,12.516,22.46999931,2.362999916,1.220000029,1.47300005,,87.09999847,7.5
4/17/2017,2:15,12.516,22.45000076,2.364000082,1.220000029,1.470999956,,85.80000305,7.389999866
4/17/2017,2:30,12.504,22.40999985,2.36500001,1.220000029,1.472000003,,85.30000305,7.349999905
4/17/2017,2:45,12.504,22.39999962,2.365999937,1.220000029,1.472000003,,83.5,7.190000057
4/17/2017,3:00,12.504,22.35000038,2.368000031,1.220000029,1.470000029,,82.59999847,7.130000114
4/17/2017,3:15,12.504,22.34000015,2.368000031,1.220000029,1.47300005,,80.30000305,6.929999828
4/17/2017,3:30,12.504,22.30999947,2.368999958,1.220000029,1.47300005,,77.80000305,6.710000038
4/17/2017,3:45,12.492,22.25,2.369999886,1.220000029,1.470999956,,76.19999695,6.579999924
4/17/2017,4:00,12.492,22.17000008,2.374000072,1.220000029,1.472000003,,74,6.409999847
4/17/2017,4:15,12.492,22.11000061,2.378000021,1.220000029,1.472000003,,74.30000305,6.440000057
4/17/2017,4:30,12.492,22.05999947,2.378000021,1.220000029,1.470999956,,73.5,6.369999886
4/17/2017,4:45,12.48,22.01000023,2.381000042,1.230000019,1.47300005,,73.40000153,6.369999886
4/17/2017,5:00,12.48,21.92000008,2.381999969,1.230000019,1.470000029,,72.5,6.309999943
4/17/2017,5:15,12.468,21.82999992,2.384000063,1.230000019,1.470999956,,73,6.360000134
4/17/2017,5:30,12.468,21.76000023,2.384000063,1.230000019,1.468999982,,72.09999847,6.289999962
4/17/2017,5:45,12.588,21.70000076,2.384000063,1.230000019,1.470000029,,71.19999695,6.210000038
4/17/2017,6:00,12.552,21.63999939,2.38499999,1.230000019,1.472000003,,71.30000305,6.239999771
4/17/2017,6:15,13.512,21.55999947,2.385999918,1.230000019,1.470000029,,70,6.130000114
4/17/2017,6:30,14.172,21.52000046,2.385999918,1.230000019,1.470000029,,70,6.139999866
4/17/2017,6:45,13.524,21.47999954,2.385999918,1.230000019,1.468999982,,72.30000305,6.340000153
4/17/2017,7:00,14.136,21.45000076,2.387000084,1.230000019,1.468999982,,72.5,6.360000134
4/17/2017,7:15,13.788,21.45999908,2.387000084,1.230000019,1.470000029,,73.5,6.449999809
4/17/2017,7:30,13.596,21.45999908,2.387000084,1.230000019,1.468999982,,74.69999695,6.550000191
4/17/2017,7:45,13.98,21.45999908,2.387000084,1.230000019,1.470999956,,74.90000153,6.570000172
4/17/2017,8:00,14.136,21.47999954,2.387000084,1.230000019,1.470999956,,75.40000153,6.610000134
4/17/2017,8:15,13.824,21.52000046,2.388000011,1.230000019,1.470999956,,75.5,6.619999886
4/17/2017,8:30,13.692,21.53000069,2.388000011,1.230000019,1.472000003,,75.90000153,6.650000095
4/17/2017,8:45,14.112,21.53000069,2.388000011,1.230000019,1.470999956,,75.90000153,6.650000095
4/17/2017,9:00,14.112,21.55999947,2.387000084,1.230000019,1.470000029,,77.69999695,6.800000191
4/17/2017,9:15,14.112,21.59000015,2.388000011,1.230000019,1.472000003,,78.90000153,6.909999847
4/17/2017,9:30,14.1,21.63999939,2.388000011,1.230000019,1.470000029,,78.80000305,6.889999866
4/17/2017,9:45,14.088,21.76000023,2.388000011,1.230000019,1.472000003,,81.59999847,7.119999886
4/17/2017,10:00,14.076,21.98999977,2.387000084,1.230000019,1.475000024,,81.40000153,7.070000172
4/17/2017,10:15,14.076,22.19000053,2.388999939,1.230000019,1.470999956,,83.5,7.21999979
4/17/2017,10:30,14.076,22.26000023,2.388999939,1.230000019,1.473999977,,84.59999847,7.309999943
4/17/2017,10:45,14.088,22.45999908,2.391000032,1.230000019,1.47300005,,85.59999847,7.360000134
4/17/2017,11:00,14.1,22.54000092,2.391000032,1.230000019,1.470999956,,88.19999695,7.579999924
4/17/2017,11:15,14.1,22.65999985,2.388999939,1.230000019,1.473999977,,89.80000305,7.699999809
4/17/2017,11:30,14.112,22.84000015,2.387000084,1.230000019,1.472000003,,92.5,7.900000095
4/17/2017,11:45,14.112,22.80999947,2.385999918,1.230000019,1.480999947,,93.09999847,7.960000038
4/17/2017,12:00,14.136,22.75,2.381999969,1.230000019,1.485000014,,94.59999847,8.090000153
4/17/2017,12:15,14.148,22.77000046,2.380000114,1.220000029,1.488999963,,95.90000153,8.210000038
4/17/2017,12:30,14.172,22.68000031,2.371999979,1.220000029,1.488000035,,94.80000305,8.119999886
4/17/2017,12:45,14.172,22.70000076,2.365999937,1.220000029,1.48300004,,94.19999695,8.069999695
4/17/2017,13:00,14.184,22.57999992,2.355000019,1.210000038,1.485000014,,92.5,7.940000057
4/17/2017,13:15,14.208,22.70999908,2.34800005,1.210000038,1.480000019,,93.09999847,7.96999979
4/17/2017,13:30,14.208,22.70000076,2.345999956,1.210000038,1.476999998,,93.59999847,8.020000458
4/17/2017,13:45,14.208,22.85000038,2.345000029,1.210000038,1.476999998,,95.80000305,8.180000305
4/17/2017,14:00,14.22,23.14999962,2.351999998,1.210000038,1.47300005,,98.30000305,8.350000381
4/17/2017,14:15,14.22,23.23999977,2.354000092,1.210000038,1.468000054,,99.69999695,8.460000038
4/17/2017,14:30,14.208,23.42000008,2.357000113,1.210000038,1.470000029,,102.0999985,8.630000114
4/17/2017,14:45,14.208,23.54999924,2.358999968,1.210000038,1.465000033,,104.9000015,8.840000153
4/17/2017,15:00,14.196,23.62000084,2.359999895,1.210000038,1.468000054,,105.9000015,8.920000076
4/17/2017,15:15,14.196,23.62000084,2.361000061,1.210000038,1.468999982,,106.5,8.970000267
4/17/2017,15:30,14.208,23.60000038,2.362999916,1.210000038,1.468999982,,109.0999985,9.18999958
4/17/2017,15:45,14.208,23.53000069,2.36500001,1.210000038,1.470000029,,110.4000015,9.31000042
4/17/2017,16:00,14.208,23.39999962,2.365999937,1.220000029,1.472000003,,110.3000031,9.329999924
4/17/2017,16:15,14.22,23.31999969,2.367000103,1.220000029,1.470000029,,109.9000015,9.31000042
4/17/2017,16:30,14.22,23.20999908,2.368000031,1.220000029,1.468999982,,109.9000015,9.319999695
4/17/2017,16:45,13.416,23.11000061,2.368000031,1.220000029,1.468999982,,109.3000031,9.289999962
4/17/2017,17:00,13.248,23.02000046,2.368999958,1.220000029,1.470000029,,108,9.199999809
4/17/2017,17:15,12.972,22.90999985,2.369999886,1.220000029,1.468000054,,108.0999985,9.220000267
4/17/2017,17:30,12.96,22.84000015,2.371000051,1.220000029,1.468000054,,105.0999985,8.979999542
4/17/2017,17:45,12.96,22.78000069,2.371000051,1.220000029,1.467000008,,105,8.979999542
4/17/2017,18:00,12.888,22.77000046,2.371999979,1.220000029,1.470000029,,105.3000031,9.010000229
4/17/2017,18:15,12.768,22.70000076,2.371000051,1.220000029,1.467000008,,104,8.909999847
4/17/2017,18:30,12.624,22.59000015,2.371000051,1.220000029,1.465999961,,103,8.840000153
4/17/2017,18:45,12.576,22.5,2.371999979,1.220000029,1.465999961,,102,8.770000458
4/17/2017,19:00,12.576,22.39999962,2.372999907,1.220000029,1.465000033,,101.5999985,8.75
4/17/2017,19:15,12.564,22.26000023,2.375,1.220000029,1.465000033,,100.3000031,8.659999847
4/17/2017,19:30,12.576,22.12999916,2.375999928,1.220000029,1.465000033,,99.5,8.619999886
4/17/2017,19:45,12.576,22.02000046,2.377000093,1.220000029,1.465000033,,99.69999695,8.649999619
4/17/2017,20:00,12.564,21.96999931,2.378000021,1.220000029,1.463999987,,97.69999695,8.489999771
4/17/2017,20:15,12.552,21.89999962,2.378000021,1.220000029,1.463999987,,97.40000153,8.479999542
4/17/2017,20:30,12.552,21.85000038,2.378000021,1.220000029,1.465000033,,95.40000153,8.31000042
4/17/2017,20:45,12.564,21.78000069,2.378999949,1.220000029,1.465000033,,94.69999695,8.260000229
4/17/2017,21:00,12.552,21.72999954,2.378999949,1.230000019,1.463999987,,93.30000305,8.140000343
4/17/2017,21:15,12.552,21.68000031,2.378000021,1.220000029,1.463999987,,92.90000153,8.119999886
4/17/2017,21:30,12.552,21.67000008,2.378999949,1.230000019,1.463999987,,93.09999847,8.130000114
4/17/2017,21:45,12.552,21.62999916,2.378999949,1.230000019,1.463999987,,91.19999695,7.980000019
4/17/2017,22:00,12.552,21.56999969,2.378999949,1.230000019,1.463999987,,90,7.880000114
4/17/2017,22:15,12.54,21.51000023,2.378000021,1.230000019,1.463999987,,88.40000153,7.75
4/17/2017,22:30,12.54,21.45999908,2.378000021,1.230000019,1.463999987,,87.30000305,7.650000095
4/17/2017,22:45,12.54,21.39999962,2.377000093,1.220000029,1.463999987,,86.09999847,7.559999943
4/17/2017,23:00,12.54,21.36000061,2.375999928,1.220000029,1.463000059,,85.40000153,7.510000229
4/17/2017,23:15,12.528,21.29000092,2.375999928,1.220000029,1.463000059,,85,7.480000019
4/17/2017,23:30,12.528,21.28000069,2.375999928,1.220000029,1.463000059,,87.19999695,7.679999828
4/17/2017,23:45,12.516,21.22999954,2.378999949,1.230000019,1.462000012,,85.59999847,7.539999962
4/18/2017,0:00,12.504,21.17000008,2.378000021,1.230000019,1.462000012,,84.19999695,7.429999828
4/18/2017,0:15,12.504,21.04999924,2.378000021,1.230000019,1.463000059,,83.69999695,7.400000095
4/18/2017,0:30,12.504,20.95000076,2.377000093,1.230000019,1.463999987,,83.80000305,7.429999828
4/18/2017,0:45,12.504,20.86000061,2.375999928,1.220000029,1.460999966,,84.30000305,7.480000019
4/18/2017,1:00,12.504,20.76000023,2.375999928,1.220000029,1.460999966,,84.09999847,7.480000019
4/18/2017,1:15,12.504,20.70000076,2.375,1.220000029,1.463000059,,82.19999695,7.320000172
4/18/2017,1:30,12.432,20.61000061,2.374000072,1.220000029,1.463000059,,82.30000305,7.340000153
4/18/2017,1:45,12.492,20.48999977,2.375,1.220000029,1.470000029,,83.90000153,7.5
4/18/2017,2:00,12.492,20.47999954,2.372999907,1.220000029,1.463999987,,83,7.420000076
4/18/2017,2:15,12.48,20.46999931,2.372999907,1.220000029,1.462000012,,80,7.150000095
4/18/2017,2:30,12.468,20.39999962,2.372999907,1.220000029,1.460000038,,78.69999695,7.039999962
4/18/2017,2:45,12.468,20.31999969,2.372999907,1.220000029,1.460000038,,75.90000153,6.809999943
4/18/2017,3:00,12.456,20.23999977,2.371999979,1.220000029,1.462000012,,74.59999847,6.699999809
4/18/2017,3:15,12.456,20.12000084,2.368999958,1.220000029,1.463999987,,74.80000305,6.739999771
4/18/2017,3:30,12.432,19.95999908,2.361999989,1.220000029,1.462000012,,72.69999695,6.570000172
4/18/2017,3:45,12.444,19.80999947,2.361000061,1.220000029,1.463000059,,72.30000305,6.550000191
4/18/2017,4:00,12.432,19.71999931,2.359999895,1.220000029,1.463000059,,72,6.539999962
4/18/2017,4:15,12.432,19.63999939,2.359999895,1.220000029,1.463000059,,72.40000153,6.579999924
4/18/2017,4:30,12.408,19.47999954,2.362999916,1.220000029,1.463000059,,71.90000153,6.559999943
4/18/2017,4:45,12.42,19.35000038,2.36500001,1.220000029,1.463999987,,71.19999695,6.510000229
4/18/2017,5:00,12.42,19.19000053,2.375,1.230000019,1.462000012,,71.19999695,6.53000021
4/18/2017,5:15,12.42,19.05999947,2.361999989,1.220000029,1.463999987,,71.19999695,6.550000191
4/18/2017,5:30,12.42,18.89999962,2.365999937,1.220000029,1.462000012,,69.90000153,6.449999809
4/18/2017,5:45,12.492,18.81999969,2.365999937,1.220000029,1.460999966,,68.69999695,6.349999905
4/18/2017,6:00,12.684,18.70000076,2.367000103,1.220000029,1.460999966,,67.69999695,6.269999981
4/18/2017,6:15,13.02,18.53000069,2.368000031,1.220000029,1.460000038,,67,6.230000019
4/18/2017,6:30,13.452,18.30999947,2.368999958,1.220000029,1.460999966,,67.30000305,6.289999962
4/18/2017,6:45,13.632,18.20999908,2.369999886,1.220000029,1.462000012,,68.09999847,6.380000114
4/18/2017,7:00,14.328,18.13999939,2.371999979,1.230000019,1.458999991,,67.69999695,6.349999905
4/18/2017,7:15,14.328,17.94000053,2.372999907,1.230000019,1.463000059,,69.09999847,6.510000229
4/18/2017,7:30,14.304,17.53000069,2.372999907,1.230000019,1.460999966,,72.90000153,6.920000076
4/18/2017,7:45,14.304,17.68000031,2.374000072,1.230000019,1.465999961,,73.30000305,6.929999828
4/18/2017,8:00,14.304,17.37000084,2.378999949,1.230000019,1.463999987,,78.59999847,7.480000019
4/18/2017,8:15,14.292,17.22999954,2.382999897,1.230000019,1.462000012,,80.59999847,7.699999809
4/18/2017,8:30,14.292,17.45999908,2.381999969,1.230000019,1.462000012,,79.5,7.559999943
4/18/2017,8:45,14.28,17.12999916,2.388000011,1.24000001,1.460000038,,83.19999695,7.960000038
4/18/2017,9:00,14.292,17.29000092,2.39199996,1.24000001,1.457999945,,84,8.010000229
4/18/2017,9:15,14.292,17.46999931,2.390000105,1.24000001,1.457000017,,85.90000153,8.159999847
4/18/2017,9:30,14.268,18.01000023,2.392999887,1.24000001,1.457999945,,88.69999695,8.329999924
4/18/2017,9:45,14.292,18.37000084,2.398000002,1.24000001,1.457000017,,88.5,8.260000229
4/18/2017,10:00,14.268,18.61000061,2.397000074,1.24000001,1.455000043,,88.69999695,8.229999542
4/18/2017,10:15,14.28,18.93000031,2.390000105,1.230000019,1.457999945,,88.59999847,8.170000076
4/18/2017,10:30,14.268,19.39999962,2.388000011,1.230000019,1.45599997,,92.80000305,8.479999542
4/18/2017,10:45,14.28,19.55999947,2.388000011,1.230000019,1.457000017,,95.80000305,8.720000267
4/18/2017,11:00,14.268,19.87000084,2.388999939,1.230000019,1.457999945,,98.80000305,8.93999958
4/18/2017,11:15,14.268,20.06999969,2.401000023,1.24000001,1.45599997,,100.5999985,9.069999695
4/18/2017,11:30,14.268,20.20999908,2.40199995,1.24000001,1.457000017,,102.1999969,9.18999958
4/18/2017,11:45,14.256,20.38999939,2.411999941,1.24000001,1.45599997,,103.3000031,9.260000229
4/18/2017,12:00,14.244,20.60000038,2.407000065,1.24000001,1.457000017,,104.1999969,9.300000191
4/18/2017,12:15,14.244,20.87000084,2.404999971,1.24000001,1.45599997,,107,9.5
4/18/2017,12:30,14.232,21.20999908,2.407000065,1.24000001,1.455000043,,109.3000031,9.640000343
4/18/2017,12:45,14.232,21.67000008,2.401000023,1.24000001,1.45599997,,111.1999969,9.720000267
4/18/2017,13:00,14.232,22.14999962,2.398999929,1.24000001,1.452999949,,112.9000015,9.770000458
4/18/2017,13:15,14.22,22.55999947,2.397000074,1.230000019,1.455000043,,114.5999985,9.840000153
4/18/2017,13:30,14.22,22.87000084,2.388999939,1.230000019,1.455000043,,115.5,9.859999657
4/18/2017,13:45,14.208,23.31999969,2.380000114,1.220000029,1.453999996,,115.5,9.779999733
4/18/2017,14:00,14.208,23.63999939,2.382999897,1.220000029,1.45599997,,117.1999969,9.859999657
4/18/2017,14:15,14.184,23.54000092,2.390000105,1.230000019,1.452000022,,114.1999969,9.630000114
4/18/2017,14:30,14.184,23.55999947,2.381999969,1.220000029,1.452000022,,117.5,9.909999847
4/18/2017,14:45,14.184,23.70000076,2.38499999,1.230000019,1.452999949,,118.9000015,9.989999771
4/18/2017,15:00,14.196,23.59000015,2.388000011,1.230000019,1.452999949,,118.8000031,10.01000023
4/18/2017,15:15,14.196,23.37000084,2.400000095,1.230000019,1.445000052,,119.8000031,10.13000011
4/18/2017,15:30,14.208,23.27000046,2.405999899,1.24000001,1.449000001,,120.0999985,10.18000031
4/18/2017,15:45,14.208,23.09000015,2.417000055,1.24000001,1.447999954,,119.3000031,10.14999962
4/18/2017,16:00,13.56,22.92000008,2.411999941,1.24000001,1.450000048,,118.5999985,10.11999989
4/18/2017,16:15,13.452,22.77000046,2.407999992,1.24000001,1.447999954,,117.4000015,10.03999996
4/18/2017,16:30,14.22,22.71999931,2.414000034,1.24000001,1.447999954,,115.3000031,9.869999886
4/18/2017,16:45,13.692,22.71999931,2.411000013,1.24000001,1.447000027,,114.1999969,9.779999733
4/18/2017,17:00,13.464,22.59000015,2.398999929,1.230000019,1.447000027,,113.5,9.739999771
4/18/2017,17:15,13.32,22.70999908,2.394999981,1.230000019,1.444000006,,113.3000031,9.699999809
4/18/2017,17:30,13.248,22.70999908,2.378000021,1.220000029,1.447000027,,114.1999969,9.779999733
4/18/2017,17:45,13.164,22.93000031,2.369999886,1.220000029,1.442999959,,113.1999969,9.659999847
4/18/2017,18:00,13.056,22.88999939,2.362999916,1.210000038,1.447999954,,112,9.56000042
4/18/2017,18:15,12.888,22.71999931,2.35800004,1.210000038,1.44599998,,111.1999969,9.529999733
4/18/2017,18:30,12.684,22.55999947,2.351000071,1.210000038,1.447000027,,110.5999985,9.5
4/18/2017,18:45,12.588,22.39999962,2.34100008,1.200000048,1.444000006,,109.1999969,9.409999847
4/18/2017,19:00,12.576,22.18000031,2.335999966,1.200000048,1.444000006,,107.5999985,9.31000042
4/18/2017,19:15,12.576,21.92000008,2.335999966,1.200000048,1.44599998,,106.1999969,9.229999542
4/18/2017,19:30,12.576,21.62999916,2.342999935,1.210000038,1.44599998,,104.5999985,9.149999619
4/18/2017,19:45,12.576,21.36000061,2.345000029,1.210000038,1.447999954,,103.4000015,9.090000153
4/18/2017,20:00,12.576,21.15999985,2.339999914,1.200000048,1.44599998,,102.5,9.050000191
4/18/2017,20:15,12.576,20.85000038,2.338000059,1.200000048,1.445000052,,101.0999985,8.979999542
4/18/2017,20:30,12.576,20.60000038,2.34100008,1.210000038,1.447000027,,100.3000031,8.949999809
4/18/2017,20:45,12.576,20.37000084,2.345000029,1.210000038,1.445000052,,99.19999695,8.890000343
4/18/2017,21:00,12.564,20.15999985,2.345000029,1.210000038,1.442999959,,98,8.819999695
4/18/2017,21:15,12.564,19.90999985,2.344000101,1.210000038,1.445000052,,96.09999847,8.68999958
4/18/2017,21:30,12.552,19.71999931,2.34100008,1.210000038,1.444000006,,95,8.630000114
4/18/2017,21:45,12.552,19.62999916,2.352999926,1.210000038,1.444000006,,94.30000305,8.579999924
4/18/2017,22:00,12.552,19.46999931,2.362999916,1.220000029,1.444000006,,93.5,8.529999733
4/18/2017,22:15,12.552,19.30999947,2.371000051,1.220000029,1.44599998,,92.90000153,8.510000229
4/18/2017,22:30,12.552,19.11000061,2.377000093,1.230000019,1.450000048,,91.90000153,8.449999809
4/18/2017,22:45,12.54,18.95999908,2.377000093,1.230000019,1.447000027,,90.40000153,8.329999924
4/18/2017,23:00,12.54,18.75,2.368000031,1.220000029,1.444000006,,89.59999847,8.289999962
4/18/2017,23:15,12.54,18.59000015,2.364000082,1.220000029,1.447000027,,88.59999847,8.229999542
4/18/2017,23:30,12.54,18.40999985,2.357000113,1.220000029,1.44599998,,88.5,8.25
4/18/2017,23:45,12.54,18.27000046,2.355999947,1.220000029,1.445000052,,88.19999695,8.239999771
4/19/2017,0:00,12.528,18.12000084,2.358999968,1.220000029,1.445000052,,87.69999695,8.229999542
4/19/2017,0:15,12.528,17.84000015,2.358999968,1.220000029,1.444000006,,86.69999695,8.180000305
4/19/2017,0:30,12.528,17.62000084,2.355999947,1.220000029,1.445000052,,85.90000153,8.130000114
4/19/2017,0:45,12.516,17.30999947,2.354000092,1.220000029,1.445000052,,85,8.100000381
4/19/2017,1:00,12.516,17.12000084,2.349999905,1.210000038,1.44599998,,84.19999695,8.06000042
4/19/2017,1:15,12.516,16.90999985,2.346999884,1.210000038,1.442999959,,84,8.079999924
4/19/2017,1:30,12.504,16.79999924,2.344000101,1.210000038,1.445000052,,83.69999695,8.06000042
4/19/2017,1:45,12.504,16.67000008,2.345000029,1.210000038,1.444000006,,83.30000305,8.050000191
4/19/2017,2:00,12.504,16.54999924,2.351999998,1.220000029,1.445000052,,83.09999847,8.050000191
4/19/2017,2:15,12.504,16.52000046,2.355999947,1.220000029,1.442999959,,83.40000153,8.090000153
4/19/2017,2:30,12.492,16.44000053,2.36500001,1.220000029,1.442000031,,82.5,8.010000229
4/19/2017,2:45,12.492,16.37999916,2.367000103,1.220000029,1.442999959,,82.69999695,8.039999962
4/19/2017,3:00,12.492,16.31999969,2.371999979,1.230000019,1.445000052,,81.69999695,7.949999809
4/19/2017,3:15,12.48,16.25,2.375999928,1.230000019,1.444000006,,81.69999695,7.960000038
4/19/2017,3:30,12.468,16.20000076,2.380000114,1.230000019,1.44599998,,80.5,7.860000134
4/19/2017,3:45,12.468,16.12000084,2.384000063,1.230000019,1.44599998,,80.30000305,7.849999905
4/19/2017,4:00,12.456,16.03000069,2.385999918,1.230000019,1.44599998,,80.59999847,7.889999866
4/19/2017,4:15,12.456,15.97000027,2.391000032,1.24000001,1.447000027,,80.40000153,7.880000114
4/19/2017,4:30,12.456,15.90999985,2.394000053,1.24000001,1.44599998,,80.09999847,7.860000134
4/19/2017,4:45,12.444,15.85999966,2.395999908,1.24000001,1.447000027,,80.5,7.909999847
4/19/2017,5:00,12.444,15.81000042,2.397000074,1.24000001,1.44599998,,80.40000153,7.909999847
4/19/2017,5:15,12.42,15.73999977,2.398999929,1.24000001,1.44599998,,80.09999847,7.889999866
4/19/2017,5:30,12.42,15.69999981,2.400000095,1.24000001,1.444000006,,79.69999695,7.849999905
4/19/2017,5:45,12.468,15.64999962,2.401000023,1.24000001,1.445000052,,78.69999695,7.769999981
4/19/2017,6:00,12.672,15.60999966,2.40199995,1.24000001,1.442999959,,78.5,7.75
4/19/2017,6:15,12.792,15.46000004,2.403000116,1.24000001,1.442999959,,77.59999847,7.690000057
4/19/2017,6:30,13.008,15.27999973,2.404000044,1.24000001,1.444000006,,78.40000153,7.789999962
4/19/2017,6:45,13.176,15.27000046,2.40199995,1.24000001,1.444000006,,78.30000305,7.789999962
4/19/2017,7:00,13.164,15.27000046,2.401000023,1.24000001,1.44599998,,79.19999695,7.880000114
4/19/2017,7:15,13.236,15.30000019,2.400000095,1.24000001,1.444000006,,79.59999847,7.920000076
4/19/2017,7:30,14.388,15.32999992,2.398999929,1.24000001,1.445000052,,79.59999847,7.920000076
4/19/2017,7:45,13.512,15.36999989,2.397000074,1.24000001,1.442999959,,80.59999847,8
4/19/2017,8:00,13.584,15.43000031,2.397000074,1.24000001,1.442999959,,80.09999847,7.940000057
4/19/2017,8:15,13.536,15.43999958,2.397000074,1.24000001,1.444000006,,81.40000153,8.069999695
4/19/2017,8:30,13.86,15.46000004,2.397000074,1.24000001,1.444000006,,81.69999695,8.100000381
4/19/2017,8:45,14.412,15.47999954,2.397000074,1.24000001,1.445000052,,81.90000153,8.109999657
4/19/2017,9:00,14.4,15.51000023,2.397000074,1.24000001,1.442999959,,82.80000305,8.18999958
4/19/2017,9:15,14.4,15.56000042,2.395999908,1.24000001,1.442000031,,84,8.31000042
4/19/2017,9:30,14.376,15.61999989,2.395999908,1.24000001,1.442999959,,85.69999695,8.470000267
4/19/2017,9:45,14.376,15.73999977,2.395999908,1.24000001,1.442999959,,87,8.569999695
4/19/2017,10:00,14.376,15.80000019,2.394999981,1.24000001,1.442000031,,87.69999695,8.630000114
4/19/2017,10:15,14.364,15.86999989,2.394999981,1.24000001,1.442999959,,88.69999695,8.710000038
4/19/2017,10:30,14.364,15.94999981,2.394000053,1.24000001,1.444000006,,90,8.829999924
